Zulassungsnr,Wirkungsbereich,Wirkstoff_Main,Gehalt_Main,Einhalt_Main,Wirkstoff_Compound,Gehalt_Compound,Einhalt_Compound,Organismus_Bakteria,HRAC
026378-00,Herbizid,Metsulfuron,192.6,g/kg,Methylester,200,g/kg,0,2
006776-00,Herbizid,Metsulfuron,67.4,g/kg,Methylester,70,g/kg,0,2
006776-00,Herbizid,Thifensulfuron,655.4,g/kg,Methylester,680,g/kg,0,2
007667-60,Herbizid,Quizalofop-P,92.5,g/l,Ethylester,100,g/l,0,1
00A060-00,Herbizid,Aclonifen,450,g/l,"",,"",0,32
00A060-00,Herbizid,Diflufenican,30,g/l,"",,"",0,12
00A060-00,Herbizid,Flufenacet,90,g/l,"",,"",0,15
006839-00,Herbizid,Pendimethalin,400,g/l,"",,"",0,3
006366-61,Herbizid,Metsulfuron,57.8,g/kg,Methylester,60,g/kg,0,2
006366-61,Herbizid,Diflufenican,600,g/kg,"",,"",0,12
006840-00,Herbizid,Pendimethalin,400,g/l,"",,"",0,3
006840-00,Herbizid,Diflufenican,40,g/l,"",,"",0,12
026525-00,Herbizid,Isoxaflutole,225,g/l,"",,"",0,27
026525-00,Herbizid,Thiencarbazone,86.77,g/l,Methylester,90,g/l,0,2
028533-60,Herbizid,Tribenuron,723.4,g/kg,Methylester,750,g/kg,0,2
034107-00,Herbizid,Propaquizafop,100,g/l,"",,"",0,1
00A606-60,Herbizid,Clopyralid,80,g/l,"",,"",0,4
00A606-60,Herbizid,Fluroxypyr,100,g/l,1-Methyl-heptylester,144,g/l,0,4
00A606-60,Herbizid,Florasulam,2.5,g/l,"",,"",0,2
00B033-60,Herbizid,Propaquizafop,100,g/l,"",,"",0,1
006840-60,Herbizid,Pendimethalin,400,g/l,"",,"",0,3
006840-60,Herbizid,Diflufenican,40,g/l,"",,"",0,12
060122-70,Herbizid,"2,4-D",8,g/kg,"",,"",0,4
060122-70,Herbizid,Dicamba,1.2,g/kg,"",,"",0,4
008047-71,Herbizid,Eisen-II-sulfat,163,g/kg,Monohydrat,182,g/kg,0,
006366-00,Herbizid,Metsulfuron,57.8,g/kg,Methylester,60,g/kg,0,2
006366-00,Herbizid,Diflufenican,600,g/kg,"",,"",0,12
008996-60,Herbizid,Mefenpyr,86.6,g/kg,Diethylester,90,g/kg,0,
008996-60,Herbizid,Iodosulfuron,5.6,g/kg,Methylester-Na,6,g/kg,0,2
008996-60,Herbizid,Mesosulfuron,29.2,g/kg,Methylester,30,g/kg,0,2
007824-00,Herbizid,Napropamid,400,g/kg,"",,"",0,
007824-00,Herbizid,Clomazone,35,g/kg,"",,"",0,13
00B100-00,Herbizid,Mefenpyr,102,g/kg,Diethylester,120,g/kg,0,
00B100-00,Herbizid,Mesosulfuron,58.3,g/kg,Methylester,60,g/kg,0,2
006396-60,Herbizid,MCPA,200,g/l,"",,"",0,4
006396-60,Herbizid,Clopyralid,20,g/l,"",,"",0,4
006396-60,Herbizid,Fluroxypyr,40,g/l,1-Methyl-heptylester,57.64,g/l,0,4
006281-62,Herbizid,Glyphosat,360,g/l,Isopropylamin-Salz,485.6,g/l,0,9
00A164-60,Herbizid,Glyphosat,360,g/l,Kalium-Salz,441,g/l,0,9
00A956-00,Herbizid,Prosulfocarb,800,g/l,"",,"",0,15
008532-00,Herbizid,Clomazone,360,g/l,"",,"",0,13
007818-00,Herbizid,Bifenox,480,g/l,"",,"",0,14
007818-00,Herbizid,Florasulam,5,g/l,"",,"",0,2
00A540-00,Herbizid,Eisen-II-sulfat,81.61,g/kg,Monohydrat,91.27,g/kg,0,
026173-63,Herbizid,Glyphosat,360,g/l,Isopropylamin-Salz,485.8,g/l,0,9
060122-96,Herbizid,"2,4-D",8,g/kg,"",,"",0,4
060122-96,Herbizid,Dicamba,1.2,g/kg,"",,"",0,4
008286-60,Herbizid,Diflufenican,200,g/l,"",,"",0,12
008286-60,Herbizid,Flufenacet,400,g/l,"",,"",0,15
006218-00,Herbizid,Clopyralid,80,g/l,"",,"",0,4
006218-00,Herbizid,Fluroxypyr,100,g/l,1-Methyl-heptylester,144.1,g/l,0,4
006218-00,Herbizid,Florasulam,2.5,g/l,"",,"",0,2
027526-00,Herbizid,Rimsulfuron,30,g/kg,"",,"",0,2
027526-00,Herbizid,Nicosulfuron,120,g/kg,"",,"",0,2
027526-00,Herbizid,Mesotrione,360,g/kg,"",,"",0,27
008286-00,Herbizid,Diflufenican,200,g/l,"",,"",0,12
008286-00,Herbizid,Flufenacet,400,g/l,"",,"",0,15
00B059-00,Herbizid,Clethodim,240,g/l,"",,"",0,1
008450-60,Herbizid,MCPA,233,g/l,Kalium-Salz,277.3,g/l,0,4
008450-60,Herbizid,Clopyralid,28,g/l,Monoethanolamin-Salz,36.9,g/l,0,4
008450-60,Herbizid,Fluroxypyr,50,g/l,1-Methyl-heptylester,72,g/l,0,4
024602-00,Herbizid,Metsulfuron,96.3,g/kg,Methylester,100,g/kg,0,2
024602-00,Herbizid,Carfentrazone,372.8,g/kg,Ethylester,400,g/kg,0,14
034060-63,Herbizid,Quizalofop-P,46.3,g/l,Ethylester,50,g/l,0,1
028854-60,Herbizid,Tribenuron,481.03,g/kg,Methylester,500,g/kg,0,2
006220-63,Herbizid,Propyzamid,400,g/l,"",,"",0,3
028610-00,Herbizid,Amidosulfuron,50,g/kg,Natrium-Salz,53,g/kg,0,2
028610-00,Herbizid,Mefenpyr,86.58,g/kg,Diethylester,90,g/kg,0,
028610-00,Herbizid,Iodosulfuron,9.312,g/kg,Methylester-Na,10,g/kg,0,2
028610-00,Herbizid,Mesosulfuron,29.16,g/kg,Methylester-Na,31.324,g/kg,0,2
008188-00,Herbizid,Mefenpyr,90,g/kg,"",,"",0,
008188-00,Herbizid,Propoxycarbazone,67.5,g/kg,"",,"",0,2
008188-00,Herbizid,Mesosulfuron,43.8,g/kg,Methylester-Na,47,g/kg,0,2
035938-00,Herbizid,Mefenpyr,28.86,g/l,Diethylester,30,g/l,0,
035938-00,Herbizid,Iodosulfuron,1.862,g/l,Methylester-Na,2,g/l,0,2
035938-00,Herbizid,Mesosulfuron,9.72,g/l,Methylester-Na,10,g/l,0,2
028571-00,Herbizid,Mefenpyr,114.7,g/kg,Diethylester,135,g/kg,0,
028571-00,Herbizid,Iodosulfuron,8.39,g/kg,Methylester-Na,9,g/kg,0,2
028571-00,Herbizid,Mesosulfuron,41.87,g/kg,Methylester-Na,47,g/kg,0,2
028571-00,Herbizid,Thiencarbazone,21.7,g/kg,Methylester-Na,23.8,g/kg,0,2
044915-00,Herbizid,Propoxycarbazone,663.4,g/kg,Natrium-Salz,700,g/kg,0,2
005322-00,Herbizid,Carfentrazone,371.79,g/kg,Ethylester,400,g/kg,0,14
033838-64,Herbizid,Prosulfocarb,800,g/l,"",,"",0,15
00A197-62,Herbizid,Isoxadifen,108.1,g/l,Ethylester,134,g/l,0,
00A197-62,Herbizid,Tembotrione,345,g/l,"",,"",0,27
00A197-62,Herbizid,Thiencarbazone,65.55,g/l,Methylester,68,g/l,0,2
008178-00,Herbizid,Cloquintocet,8.33,g/l,Mexyl 1-Methyl-hexylester,8.33,g/l,0,
008178-00,Herbizid,Pinoxaden,33.3,g/l,"",,"",0,1
008178-00,Herbizid,Pyroxsulam,8.33,g/l,"",,"",0,2
026845-00,Herbizid,Cloquintocet,7.96,g/l,Mexyl 1-Methyl-hexylester,11.25,g/l,0,
026845-00,Herbizid,Florasulam,5,g/l,"",,"",0,2
026845-00,Herbizid,Pinoxaden,45,g/l,"",,"",0,1
026326-00,Herbizid,Cloquintocet,8.85,g/l,Mexyl 1-Methyl-hexylester,12.5,g/l,0,
026326-00,Herbizid,Pinoxaden,50,g/l,"",,"",0,1
007938-00,Herbizid,Mesotrione,500,g/kg,"",,"",0,27
00A501-60,Herbizid,Fluazifop-P,128.05,g/l,Butylester,150,g/l,0,1
007958-60,Herbizid,Nicosulfuron,40,g/l,"",,"",0,2
034145-00,Herbizid,Aclonifen,600,g/l,"",,"",0,32
00A076-00,Herbizid,Dicamba,480,g/l,"",,"",0,4
026173-60,Herbizid,Glyphosat,360,g/l,Isopropylamin-Salz,485.8,g/l,0,9
008772-00,Herbizid,Picloram,67,g/l,Monoethanolamin-Salz,84,g/l,0,4
008772-00,Herbizid,Clopyralid,267,g/l,Monoethanolamin-Salz,352,g/l,0,4
026173-00,Herbizid,Glyphosat,360,g/l,Isopropylamin-Salz,485.8,g/l,0,9
026321-00,Herbizid,Glyphosat,450,g/l,"",,"",0,9
026404-00,Herbizid,Glyphosat,490,g/l,"",,"",0,9
028865-00,Herbizid,Clopyralid,100,g/l,Monoethanolamin-Salz,131.4,g/l,0,4
008357-00,Herbizid,Mesotrione,100,g/l,"",,"",0,27
038651-61,Herbizid,Mesotrione,100,g/l,"",,"",0,27
00A485-60,Herbizid,Quizalofop-P-ethyl,50,g/l,"",,"",0,
008517-60,Herbizid,Mesotrione,100,g/l,"",,"",0,27
034107-63,Herbizid,Propaquizafop,100,g/l,"",,"",0,1
00A945-00,Herbizid,MCPA,161,g/l,Kalium/Natrium-Salz,184.09,g/l,0,4
00A945-00,Herbizid,Dicamba,17.8,g/l,Natrium-Salz,19.57,g/l,0,4
008226-00,Herbizid,Diflufenican,200,g/l,"",,"",0,12
008226-00,Herbizid,Flufenacet,400,g/l,"",,"",0,15
005747-62,Herbizid,"2,4-D",70,g/l,Dimethylamin-Salz,84.3,g/l,0,4
005747-62,Herbizid,MCPA,70,g/l,Dimethylamin-Salz,85.7,g/l,0,4
005747-62,Herbizid,Dicamba,20,g/l,Dimethylamin-Salz,24.1,g/l,0,4
005747-62,Herbizid,Mecoprop-P,42,g/l,Dimethylamin-Salz,50.8,g/l,0,4
006796-00,Herbizid,Fettsäuren (C7 - C20),29.7,g/l,Caprylsäure/Caprinsäure,29.7,g/l,0,
00B135-60,Herbizid,Ethofumesat,500,g/l,"",,"",0,
008047-66,Herbizid,Eisen-II-sulfat,163,g/kg,Monohydrat,182,g/kg,0,
008047-67,Herbizid,Eisen-II-sulfat,163,g/kg,Monohydrat,182,g/kg,0,
005338-00,Herbizid,Metamitron,696,g/l,"",,"",0,5
007671-00,Herbizid,Metamitron,700,g/kg,"",,"",0,5
006787-00,Herbizid,Beflubutamid,500,g/l,"",,"",0,12
008778-00,Herbizid,Picloram,48,g/l,"",,"",0,4
008778-00,Herbizid,Halauxifen-methyl,10,g/l,"",,"",0,4
006275-61,Herbizid,Eisen-II-sulfat,238,g/kg,Monohydrat,266,g/kg,0,
027821-63,Herbizid,"2,4-D",3.3,g/kg,Dimethylamin-Salz,3.97,g/kg,0,4
027821-63,Herbizid,Dicamba,1.6,g/kg,Dimethylamin-Salz,1.93,g/kg,0,4
008528-00,Herbizid,Pelargonsäure,680,g/l,"",,"",0,
008529-00,Herbizid,Pelargonsäure,500,g/l,"",,"",0,
024257-00,Herbizid,Phenmedipham,200,g/l,"",,"",0,5
024257-00,Herbizid,Ethofumesat,200,g/l,"",,"",0,
00B141-00,Herbizid,Clethodim,240,g/l,"",,"",0,1
007100-00,Herbizid,Metazachlor,250,g/l,"",,"",0,15
007100-00,Herbizid,Clomazone,33,g/l,"",,"",0,13
00A817-00,Herbizid,Phenmedipham,160,g/l,"",,"",0,5
00A542-00,Herbizid,Phenmedipham,200,g/l,"",,"",0,5
00A542-00,Herbizid,Ethofumesat,190,g/l,"",,"",0,
005328-00,Herbizid,Phenmedipham,160,g/l,"",,"",0,5
005328-61,Herbizid,Phenmedipham,160,g/l,"",,"",0,5
024645-64,Herbizid,Pelargonsäure,186.7,g/l,Ammonium-Salz,206.8,g/l,0,
060122-88,Herbizid,"2,4-D",8,g/kg,"",,"",0,4
060122-88,Herbizid,Dicamba,1.2,g/kg,"",,"",0,4
024646-67,Herbizid,Pelargonsäure,31.02,g/l,Grundkörper,34.4,g/l,0,
006396-00,Herbizid,MCPA,200,g/l,"",,"",0,4
006396-00,Herbizid,Clopyralid,20,g/l,"",,"",0,4
006396-00,Herbizid,Fluroxypyr,40,g/l,1-Methyl-heptylester,57.64,g/l,0,4
00A960-00,Herbizid,Aclonifen,600,g/l,"",,"",0,32
00A960-00,Herbizid,Diflufenican,30,g/l,"",,"",0,12
026763-00,Herbizid,Glyphosat,360,g/l,Isopropylamin-Salz,485.8,g/l,0,9
028110-00,Herbizid,Mesotrione,100,g/l,"",,"",0,27
00A219-00,Herbizid,Pyridat,300,g/l,"",,"",0,6
00A219-00,Herbizid,Mesotrione,90,g/l,"",,"",0,27
037382-00,Herbizid,Metsulfuron,240.8,g/kg,Methylester,250,g/kg,0,2
037382-00,Herbizid,Tribenuron,241.15,g/kg,Methylester,250,g/kg,0,2
033838-00,Herbizid,Prosulfocarb,800,g/l,"",,"",0,15
00A952-60,Herbizid,Diflufenican,14,g/l,"",,"",0,12
00A952-60,Herbizid,Prosulfocarb,667,g/l,"",,"",0,15
00A985-00,Herbizid,Mesotrione,100,g/l,"",,"",0,27
00A364-00,Herbizid,Napropamid,500,g/l,"",,"",0,
00A364-00,Herbizid,Quinmerac,100,g/l,"",,"",0,4
035312-60,Herbizid,Flumioxazin,500,g/kg,"",,"",0,14
060122-67,Herbizid,"2,4-D",8,g/kg,"",,"",0,4
060122-67,Herbizid,Dicamba,1.2,g/kg,"",,"",0,4
00A640-00,Herbizid,Clethodim,180,g/l,"",,"",0,1
026233-00,Herbizid,Florasulam,22.8,g/kg,"",,"",0,2
026233-00,Herbizid,Pyroxsulam,68.3,g/kg,"",,"",0,2
00A261-00,Herbizid,Cloquintocet,212.5,g/kg,"",,"",0,
00A261-00,Herbizid,Florasulam,80,g/kg,"",,"",0,2
00A261-00,Herbizid,Pyroxsulam,240,g/kg,"",,"",0,2
00A261-00,Herbizid,Halauxifen-methyl,83.4,g/kg,"",,"",0,4
00A773-00,Herbizid,Diflufenican,500,g/l,"",,"",0,12
008792-00,Herbizid,Clodinafop,89.11,g/l,Propargyl 2-Propinylester,100,g/l,0,
008792-00,Herbizid,Cloquintocet,17.69,g/l,Mexyl 1-Methyl-hexylester,25,g/l,0,
043401-00,Herbizid,Metazachlor,500,g/l,"",,"",0,15
006790-00,Herbizid,Metazachlor,200,g/l,"",,"",0,15
006790-00,Herbizid,Quinmerac,100,g/l,"",,"",0,4
006790-00,Herbizid,Dimethenamid-P,200,g/l,"",,"",0,15
006288-00,Herbizid,Metazachlor,200,g/l,"",,"",0,15
006288-00,Herbizid,Dimethenamid-P,200,g/l,"",,"",0,15
024365-00,Herbizid,Metazachlor,375,g/l,"",,"",0,15
024365-00,Herbizid,Quinmerac,125,g/l,"",,"",0,4
00B406-00,Herbizid,Florasulam,16.7,g/l,"",,"",0,2
00B406-00,Herbizid,Mesotrione,267,g/l,"",,"",0,27
035692-00,Herbizid,Terbuthylazin,330,g/l,"",,"",0,5
035692-00,Herbizid,Mesotrione,70,g/l,"",,"",0,27
044660-00,Herbizid,Mesotrione,100,g/l,"",,"",0,27
044660-64,Herbizid,Mesotrione,100,g/l,"",,"",0,27
005890-61,Herbizid,Tribenuron,482.3,g/kg,Methylester,500,g/kg,0,2
008357-63,Herbizid,Mesotrione,100,g/l,"",,"",0,27
00A197-00,Herbizid,Isoxadifen,108.1,g/l,Ethylester,134,g/l,0,
00A197-00,Herbizid,Tembotrione,345,g/l,"",,"",0,27
00A197-00,Herbizid,Thiencarbazone,65.55,g/l,Methylester,68,g/l,0,2
006284-00,Herbizid,Chlortoluron,600,g/l,"",,"",0,
006284-00,Herbizid,Diflufenican,40,g/l,"",,"",0,12
006986-00,Herbizid,Dicamba,500,g/kg,Natrium-Salz,550,g/kg,0,4
006986-00,Herbizid,Prosulfuron,50,g/kg,"",,"",0,2
034078-00,Herbizid,Rimsulfuron,250,g/kg,"",,"",0,2
024345-00,Herbizid,Essigsäure,102,g/l,"",,"",0,
006240-60,Herbizid,MCPA,53.74,g/l,Kalium-Salz,68.4,g/l,0,4
006240-60,Herbizid,Clopyralid,5.38,g/l,Monoethanolamin-Salz,7.08,g/l,0,4
006240-60,Herbizid,Fluroxypyr,10.76,g/l,1-Methyl-heptylester,15.5,g/l,0,4
006239-60,Herbizid,MCPA,1.6,g/l,Kalium-Salz,1.905,g/l,0,4
006239-60,Herbizid,Clopyralid,0.16,g/l,Monoethanolamin-Salz,0.211,g/l,0,4
006239-60,Herbizid,Fluroxypyr,0.32,g/l,1-Methyl-heptylester,0.46,g/l,0,4
005747-61,Herbizid,"2,4-D",70,g/l,Dimethylamin-Salz,84.3,g/l,0,4
005747-61,Herbizid,MCPA,70,g/l,Dimethylamin-Salz,85.7,g/l,0,4
005747-61,Herbizid,Dicamba,20,g/l,Dimethylamin-Salz,24.1,g/l,0,4
005747-61,Herbizid,Mecoprop-P,42,g/l,Dimethylamin-Salz,50.8,g/l,0,4
024798-00,Herbizid,Clomazone,360,g/l,"",,"",0,13
024366-60,Herbizid,Clethodim,240,g/l,"",,"",0,1
00A402-00,Herbizid,Picloram,67,g/l,"",,"",0,4
00A402-00,Herbizid,Clopyralid,267,g/l,"",,"",0,4
00A472-00,Herbizid,Aclonifen,600,g/l,"",,"",0,32
006858-60,Herbizid,Metsulfuron,65.5,g/kg,Methylester,68,g/kg,0,2
006858-60,Herbizid,Thifensulfuron,657.4,g/kg,Methylester,682,g/kg,0,2
034837-00,Herbizid,Flazasulfuron,250,g/kg,"",,"",0,2
00A448-00,Herbizid,Chlortoluron,280,g/l,"",,"",0,
00A448-00,Herbizid,Diflufenican,40,g/l,"",,"",0,12
00A448-00,Herbizid,Flufenacet,80,g/l,"",,"",0,15
008047-69,Herbizid,Eisen-II-sulfat,163,g/kg,Monohydrat,182,g/kg,0,
060122-87,Herbizid,"2,4-D",8,g/kg,"",,"",0,4
060122-87,Herbizid,Dicamba,1.2,g/kg,"",,"",0,4
00A353-00,Herbizid,Essigsäure,60,g/l,"",,"",0,
00A354-00,Herbizid,Essigsäure,240,g/l,"",,"",0,
00A526-00,Herbizid,Clopyralid,300,g/l,Monoethanolamin-Salz,395.3,g/l,0,4
008582-00,Herbizid,Clopyralid,720,g/kg,Monoethanolamin-Salz,949.1,g/kg,0,4
00B181-00,Herbizid,Triclopyr,150,g/l,Butoxyethylester,209,g/l,0,4
00B181-00,Herbizid,Fluroxypyr,150,g/l,1-Methyl-heptylester,216,g/l,0,4
00A771-00,Herbizid,Fluroxypyr,200,g/l,1-Methyl-heptylester,288.1,g/l,0,4
00A810-00,Herbizid,Prosulfocarb,800,g/l,"",,"",0,15
00B250-00,Herbizid,Metamitron,696,g/l,"",,"",0,5
008193-00,Herbizid,Isoxaben,610,g/kg,"",,"",0,29
008193-00,Herbizid,Florasulam,40,g/kg,"",,"",0,2
028002-00,Herbizid,Quinmerac,250,g/l,"",,"",0,4
028002-00,Herbizid,Imazamox,12.5,g/l,"",,"",0,2
007777-61,Herbizid,Clomazone,360,g/l,"",,"",0,13
00A801-00,Herbizid,Clethodim,240,g/l,"",,"",0,1
006281-00,Herbizid,Glyphosat,360,g/l,Isopropylamin-Salz,485.6,g/l,0,9
00B183-00,Herbizid,Glyphosat,540,g/l,IPA/K-Salz,698.5,g/l,0,9
007895-00,Herbizid,Clopyralid,600,g/l,Dimethylamin-Salz,741,g/l,0,4
007777-00,Herbizid,Clomazone,360,g/l,"",,"",0,13
006924-00,Herbizid,Clomazone,360,g/l,"",,"",0,13
008532-62,Herbizid,Clomazone,360,g/l,"",,"",0,13
044660-61,Herbizid,Mesotrione,100,g/l,"",,"",0,27
00A373-00,Herbizid,Fluroxypyr,100,g/l,1-Methyl-heptylester,144,g/l,0,4
00A373-00,Herbizid,Florasulam,1,g/l,"",,"",0,2
00B114-60,Herbizid,Prosulfocarb,800,g/l,"",,"",0,15
00B235-00,Herbizid,Napropamid,450,g/l,"",,"",0,
006324-00,Herbizid,Napropamid,187.5,g/l,"",,"",0,
006324-00,Herbizid,Dimethachlor,187.5,g/l,"",,"",0,15
006324-00,Herbizid,Clomazone,30,g/l,"",,"",0,13
005948-00,Herbizid,Dimethachlor,500,g/l,"",,"",0,15
00A146-00,Herbizid,Dimethachlor,500,g/l,"",,"",0,15
006275-00,Herbizid,Eisen-II-sulfat,238,g/kg,Monohydrat,266,g/kg,0,
027821-00,Herbizid,"2,4-D",3.3,g/kg,Dimethylamin-Salz,3.97,g/kg,0,4
027821-00,Herbizid,Dicamba,1.6,g/kg,Dimethylamin-Salz,1.93,g/kg,0,4
027820-00,Herbizid,"2,4-D",3.3,g/kg,Dimethylamin-Salz,3.97,g/kg,0,4
027820-00,Herbizid,Dicamba,1.6,g/kg,Dimethylamin-Salz,1.93,g/kg,0,4
027820-00,Herbizid,Eisen-II-sulfat,238,g/kg,Monohydrat,266,g/kg,0,
007508-00,Herbizid,Pelargonsäure,30.99,g/l,"",,"",0,
007507-00,Herbizid,Pelargonsäure,237.59,g/l,"",,"",0,
00A679-00,Herbizid,Pelargonsäure,580.24,g/l,"",,"",0,
007507-61,Herbizid,Pelargonsäure,237.59,g/l,"",,"",0,
007507-60,Herbizid,Pelargonsäure,237.59,g/l,"",,"",0,
007508-60,Herbizid,Pelargonsäure,30.99,g/l,"",,"",0,
027820-60,Herbizid,"2,4-D",3.3,g/kg,Dimethylamin-Salz,3.97,g/kg,0,4
027820-60,Herbizid,Dicamba,1.6,g/kg,Dimethylamin-Salz,1.93,g/kg,0,4
027820-60,Herbizid,Eisen-II-sulfat,238,g/kg,Monohydrat,266,g/kg,0,
006275-60,Herbizid,Eisen-II-sulfat,238,g/kg,Monohydrat,266,g/kg,0,
027821-60,Herbizid,"2,4-D",3.3,g/kg,Dimethylamin-Salz,3.97,g/kg,0,4
027821-60,Herbizid,Dicamba,1.6,g/kg,Dimethylamin-Salz,1.93,g/kg,0,4
007507-64,Herbizid,Pelargonsäure,237.59,g/l,"",,"",0,
027820-61,Herbizid,"2,4-D",3.3,g/kg,Dimethylamin-Salz,3.97,g/kg,0,4
027820-61,Herbizid,Dicamba,1.6,g/kg,Dimethylamin-Salz,1.93,g/kg,0,4
027820-61,Herbizid,Eisen-II-sulfat,238,g/kg,Monohydrat,266,g/kg,0,
006275-64,Herbizid,Eisen-II-sulfat,238,g/kg,Monohydrat,266,g/kg,0,
027821-67,Herbizid,"2,4-D",3.3,g/kg,Dimethylamin-Salz,3.97,g/kg,0,4
027821-67,Herbizid,Dicamba,1.6,g/kg,Dimethylamin-Salz,1.93,g/kg,0,4
005747-68,Herbizid,"2,4-D",70,g/l,Dimethylamin-Salz,84.3,g/l,0,4
005747-68,Herbizid,MCPA,70,g/l,Dimethylamin-Salz,85.7,g/l,0,4
005747-68,Herbizid,Dicamba,20,g/l,Dimethylamin-Salz,24.1,g/l,0,4
005747-68,Herbizid,Mecoprop-P,42,g/l,Dimethylamin-Salz,50.8,g/l,0,4
005747-66,Herbizid,"2,4-D",70,g/l,Dimethylamin-Salz,84.3,g/l,0,4
005747-66,Herbizid,MCPA,70,g/l,Dimethylamin-Salz,85.7,g/l,0,4
005747-66,Herbizid,Dicamba,20,g/l,Dimethylamin-Salz,24.1,g/l,0,4
005747-66,Herbizid,Mecoprop-P,42,g/l,Dimethylamin-Salz,50.8,g/l,0,4
007507-63,Herbizid,Pelargonsäure,237.59,g/l,"",,"",0,
007508-62,Herbizid,Pelargonsäure,30.99,g/l,"",,"",0,
00A876-00,Herbizid,Diflufenican,14,g/l,"",,"",0,12
00A876-00,Herbizid,Prosulfocarb,667,g/l,"",,"",0,15
00A876-00,Herbizid,Cloquintocet,0.94,g/l,Mexyl 1-Methyl-hexylester,1.33,g/l,0,
00A876-00,Herbizid,Halauxifen-methyl,1.33,g/l,"",,"",0,4
005984-00,Herbizid,Metsulfuron,38.4,g/kg,Methylester,40,g/kg,0,2
005984-00,Herbizid,Thifensulfuron,384.5,g/kg,Methylester,400,g/kg,0,2
006858-61,Herbizid,Metsulfuron,65.5,g/kg,Methylester,68,g/kg,0,2
006858-61,Herbizid,Thifensulfuron,657.4,g/kg,Methylester,682,g/kg,0,2
008430-00,Herbizid,Foramsulfuron,50,g/l,"",,"",0,2
008430-00,Herbizid,Thiencarbazone,28.92,g/l,Methylester,30,g/l,0,2
00A631-00,Herbizid,Rimsulfuron,150,g/kg,"",,"",0,2
00A631-00,Herbizid,Nicosulfuron,300,g/kg,"",,"",0,2
028533-00,Herbizid,Tribenuron,723.4,g/kg,Methylester,750,g/kg,0,2
008047-74,Herbizid,Eisen-II-sulfat,163,g/kg,Monohydrat,182,g/kg,0,
060122-81,Herbizid,"2,4-D",8,g/kg,"",,"",0,4
060122-81,Herbizid,Dicamba,1.2,g/kg,"",,"",0,4
028511-00,Herbizid,Mefenpyr,129.9,g/kg,Diethylester,135,g/kg,0,
028511-00,Herbizid,Iodosulfuron,45,g/kg,Methylester-Na,45,g/kg,0,2
028511-00,Herbizid,Mesosulfuron,45,g/kg,Methylester-Na,47,g/kg,0,2
028511-00,Herbizid,Thiencarbazone,37.5,g/kg,Methylester-Na,39.6,g/kg,0,2
006193-66,Herbizid,Maleinsäurehydrazid,30,g/l,Kalium-Salz,40.17,g/l,0,
006193-66,Herbizid,Pelargonsäure,186.7,g/l,"",,"",0,
008698-61,Herbizid,Nicosulfuron,40,g/l,"",,"",0,2
006220-62,Herbizid,Propyzamid,400,g/l,"",,"",0,3
00A370-00,Herbizid,Glyphosat,540,g/l,IPA/K-Salz,698.5,g/l,0,9
00B264-00,Herbizid,Clomazone,360,g/l,"",,"",0,13
008819-00,Herbizid,Fluroxypyr,225,g/l,1-Methyl-heptylester,324,g/l,0,4
008819-00,Herbizid,Metsulfuron,8.67,g/l,Methylester,9,g/l,0,2
00A475-60,Herbizid,Prosulfocarb,800,g/l,"",,"",0,15
043753-61,Herbizid,Chlortoluron,700,g/l,"",,"",0,
00A607-00,Herbizid,Mefenpyr,76.47,g/kg,Diethylester,90,g/kg,0,
00A607-00,Herbizid,Iodosulfuron,5.59,g/kg,Methylester-Na,6,g/kg,0,2
00A607-00,Herbizid,Mesosulfuron,29.16,g/kg,Methylester,30,g/kg,0,2
008357-60,Herbizid,Mesotrione,100,g/l,"",,"",0,27
00A794-00,Herbizid,Clomazone,360,g/l,"",,"",0,13
00A559-60,Herbizid,Mefenpyr,86.6,g/kg,Diethylester,90,g/kg,0,
00A559-60,Herbizid,Iodosulfuron,5.6,g/kg,Methylester-Na,6,g/kg,0,2
00A559-60,Herbizid,Mesosulfuron,29.2,g/kg,Methylester,30,g/kg,0,2
038651-00,Herbizid,Mesotrione,100,g/l,"",,"",0,27
038651-60,Herbizid,Mesotrione,100,g/l,"",,"",0,27
034066-62,Herbizid,"2,4-D",500,g/l,Dimethylamin-Salz,602,g/l,0,4
008627-60,Herbizid,Quizalofop-P-ethyl,50,g/l,"",,"",0,
033838-63,Herbizid,Prosulfocarb,800,g/l,"",,"",0,15
008047-73,Herbizid,Eisen-II-sulfat,163,g/kg,Monohydrat,182,g/kg,0,
060122-60,Herbizid,"2,4-D",8,g/kg,"",,"",0,4
060122-60,Herbizid,Dicamba,1.2,g/kg,"",,"",0,4
00A311-60,Herbizid,Dicamba,480,g/l,Dimethylamin-Salz,577.9,g/l,0,4
005747-67,Herbizid,"2,4-D",70,g/l,Dimethylamin-Salz,84.3,g/l,0,4
005747-67,Herbizid,MCPA,70,g/l,Dimethylamin-Salz,85.7,g/l,0,4
005747-67,Herbizid,Dicamba,20,g/l,Dimethylamin-Salz,24.1,g/l,0,4
005747-67,Herbizid,Mecoprop-P,42,g/l,Dimethylamin-Salz,50.8,g/l,0,4
00A126-00,Herbizid,Metamitron,700,g/l,"",,"",0,5
008288-60,Herbizid,Dicamba,480,g/l,Dimethylamin-Salz,577.9,g/l,0,4
00A945-60,Herbizid,MCPA,161,g/l,Kalium/Natrium-Salz,184.09,g/l,0,4
00A945-60,Herbizid,Dicamba,17.8,g/l,Natrium-Salz,19.57,g/l,0,4
008288-00,Herbizid,Dicamba,480,g/l,Dimethylamin-Salz,577.9,g/l,0,4
00A862-00,Herbizid,Fluroxypyr,200,g/l,1-Methyl-heptylester,286.5,g/l,0,4
060939-62,Herbizid,MCPA,500,g/l,Dimethylamin-Salz,612.35,g/l,0,4
005747-00,Herbizid,"2,4-D",70,g/l,Dimethylamin-Salz,84.3,g/l,0,4
005747-00,Herbizid,MCPA,70,g/l,Dimethylamin-Salz,85.7,g/l,0,4
005747-00,Herbizid,Dicamba,20,g/l,Dimethylamin-Salz,24.1,g/l,0,4
005747-00,Herbizid,Mecoprop-P,42,g/l,Dimethylamin-Salz,50.8,g/l,0,4
005747-63,Herbizid,"2,4-D",70,g/l,Dimethylamin-Salz,84.3,g/l,0,4
005747-63,Herbizid,MCPA,70,g/l,Dimethylamin-Salz,85.7,g/l,0,4
005747-63,Herbizid,Dicamba,20,g/l,Dimethylamin-Salz,24.1,g/l,0,4
005747-63,Herbizid,Mecoprop-P,42,g/l,Dimethylamin-Salz,50.8,g/l,0,4
005985-00,Herbizid,Diflufenican,500,g/l,"",,"",0,12
008386-00,Herbizid,Quizalofop-P-ethyl,108,g/l,"",,"",0,
034060-61,Herbizid,Quizalofop-P,46.3,g/l,Ethylester,50,g/l,0,1
008323-00,Herbizid,Dicamba,400,g/kg,"",,"",0,4
008323-00,Herbizid,Prosulfuron,40,g/kg,"",,"",0,2
008323-00,Herbizid,Nicosulfuron,100,g/kg,"",,"",0,2
008400-60,Herbizid,Flufenacet,480,g/l,"",,"",0,15
00B258-00,Herbizid,Florasulam,50,g/l,"",,"",0,2
006228-00,Herbizid,Metsulfuron,137.16,g/kg,Methylester,142.8,g/kg,0,2
006228-00,Herbizid,Tribenuron,137.566,g/kg,Methylester,143,g/kg,0,2
006220-64,Herbizid,Propyzamid,400,g/l,"",,"",0,3
006427-61,Herbizid,Tribenuron,723.4,g/kg,Methylester,750,g/kg,0,2
026427-61,Herbizid,Tribenuron,723.4,g/kg,Methylester,750,g/kg,0,2
026923-00,Herbizid,Glyphosat,480,g/l,Dimethylamin-Salz,608,g/l,0,9
024646-62,Herbizid,Pelargonsäure,31.02,g/l,Grundkörper,34.4,g/l,0,
00A802-00,Herbizid,Thifensulfuron,89.25,g/kg,Methylester,92.6,g/kg,0,2
00A802-00,Herbizid,Rimsulfuron,148.15,g/kg,"",,"",0,2
00A802-00,Herbizid,Isoxadifen,100.57,g/kg,Ethylester,111.11,g/kg,0,
025078-62,Herbizid,Pethoxamid,600,g/l,"",,"",0,15
006396-61,Herbizid,MCPA,200,g/l,"",,"",0,4
006396-61,Herbizid,Clopyralid,20,g/l,"",,"",0,4
006396-61,Herbizid,Fluroxypyr,40,g/l,1-Methyl-heptylester,57.64,g/l,0,4
008698-60,Herbizid,Nicosulfuron,40,g/l,"",,"",0,2
043729-00,Herbizid,Dichlorprop-P,600,g/l,Kalium-Salz,696.558,g/l,0,4
053678-00,Herbizid,Mecoprop-P,600,g/l,Kalium-Salz,706,g/l,0,4
00A021-00,Herbizid,MCPA,160,g/l,"",,"",0,4
00A021-00,Herbizid,Dichlorprop-P,310,g/l,"",,"",0,4
00A021-00,Herbizid,Mecoprop-P,130,g/l,"",,"",0,4
044044-61,Herbizid,Glyphosat,360,g/l,Isopropylamin-Salz,485.39,g/l,0,9
00A164-00,Herbizid,Glyphosat,360,g/l,Kalium-Salz,441,g/l,0,9
00A649-00,Herbizid,Aclonifen,600,g/l,"",,"",0,32
005866-00,Herbizid,Picloram,67,g/l,"",,"",0,4
005866-00,Herbizid,Clopyralid,267,g/l,"",,"",0,4
00A411-00,Herbizid,Quizalofop-P-ethyl,50,g/l,"",,"",0,
006960-00,Herbizid,Nicosulfuron,30,g/l,"",,"",0,2
006960-00,Herbizid,Mesotrione,75,g/l,"",,"",0,27
00A322-00,Herbizid,MCPA,750,g/l,Dimethylamin-Salz,918.5,g/l,0,4
00B230-00,Herbizid,Metazachlor,500,g/l,"",,"",0,15
007201-61,Herbizid,Diflufenican,360,g/kg,"",,"",0,12
007201-61,Herbizid,Iodosulfuron,9.32,g/kg,Methylester-Na,10,g/kg,0,2
006858-00,Herbizid,Metsulfuron,65.5,g/kg,Methylester,68,g/kg,0,2
006858-00,Herbizid,Thifensulfuron,657.4,g/kg,Methylester,682,g/kg,0,2
00A818-00,Herbizid,Ethofumesat,500,g/l,"",,"",0,
024646-65,Herbizid,Pelargonsäure,31.02,g/l,Grundkörper,34.4,g/l,0,
024645-68,Herbizid,Pelargonsäure,186.7,g/l,Ammonium-Salz,206.8,g/l,0,
005747-65,Herbizid,"2,4-D",70,g/l,Dimethylamin-Salz,84.3,g/l,0,4
005747-65,Herbizid,MCPA,70,g/l,Dimethylamin-Salz,85.7,g/l,0,4
005747-65,Herbizid,Dicamba,20,g/l,Dimethylamin-Salz,24.1,g/l,0,4
005747-65,Herbizid,Mecoprop-P,42,g/l,Dimethylamin-Salz,50.8,g/l,0,4
024646-66,Herbizid,Pelargonsäure,31.02,g/l,Grundkörper,34.4,g/l,0,
024645-70,Herbizid,Pelargonsäure,186.7,g/l,Ammonium-Salz,206.8,g/l,0,
008047-64,Herbizid,Eisen-II-sulfat,163,g/kg,Monohydrat,182,g/kg,0,
060122-91,Herbizid,"2,4-D",8,g/kg,"",,"",0,4
060122-91,Herbizid,Dicamba,1.2,g/kg,"",,"",0,4
060122-64,Herbizid,"2,4-D",8,g/kg,"",,"",0,4
060122-64,Herbizid,Dicamba,1.2,g/kg,"",,"",0,4
008532-60,Herbizid,Clomazone,360,g/l,"",,"",0,13
008660-00,Herbizid,Clethodim,140,g/l,"",,"",0,1
008660-00,Herbizid,Quizalofop-P-ethyl,70,g/l,"",,"",0,
007486-00,Herbizid,Glyphosat,619,g/kg,Ammonium-Salz,681.2,g/kg,0,9
00A846-61,Herbizid,Essigsäure,60,g/l,"",,"",0,
00A083-00,Herbizid,Prosulfocarb,800,g/l,"",,"",0,15
026330-00,Herbizid,Diflufenican,100,g/l,"",,"",0,12
026330-00,Herbizid,Penoxsulam,15,g/l,"",,"",0,2
00A504-00,Herbizid,Prosulfocarb,800,g/l,"",,"",0,15
00B031-00,Herbizid,Prosulfocarb,800,g/l,"",,"",0,15
008400-00,Herbizid,Flufenacet,480,g/l,"",,"",0,15
008975-00,Herbizid,Prosulfocarb,800,g/l,"",,"",0,15
033838-60,Herbizid,Prosulfocarb,800,g/l,"",,"",0,15
024645-61,Herbizid,Pelargonsäure,186.7,g/l,Ammonium-Salz,206.8,g/l,0,
006177-60,Herbizid,Maleinsäurehydrazid,4.95,g/l,Kalium-Salz,6.63,g/l,0,
006177-60,Herbizid,Pelargonsäure,31.02,g/l,"",,"",0,
006177-61,Herbizid,Maleinsäurehydrazid,4.95,g/l,Kalium-Salz,6.63,g/l,0,
006177-61,Herbizid,Pelargonsäure,31.02,g/l,"",,"",0,
024646-00,Herbizid,Pelargonsäure,31.02,g/l,Grundkörper,34.4,g/l,0,
006177-00,Herbizid,Maleinsäurehydrazid,4.95,g/l,Kalium-Salz,6.63,g/l,0,
006177-00,Herbizid,Pelargonsäure,31.02,g/l,"",,"",0,
024646-63,Herbizid,Pelargonsäure,31.02,g/l,Grundkörper,34.4,g/l,0,
006193-65,Herbizid,Maleinsäurehydrazid,30,g/l,Kalium-Salz,40.17,g/l,0,
006193-65,Herbizid,Pelargonsäure,186.7,g/l,"",,"",0,
006193-60,Herbizid,Maleinsäurehydrazid,30,g/l,Kalium-Salz,40.17,g/l,0,
006193-60,Herbizid,Pelargonsäure,186.7,g/l,"",,"",0,
006193-62,Herbizid,Maleinsäurehydrazid,30,g/l,Kalium-Salz,40.17,g/l,0,
006193-62,Herbizid,Pelargonsäure,186.7,g/l,"",,"",0,
006193-00,Herbizid,Maleinsäurehydrazid,30,g/l,Kalium-Salz,40.17,g/l,0,
006193-00,Herbizid,Pelargonsäure,186.7,g/l,"",,"",0,
006193-61,Herbizid,Maleinsäurehydrazid,30,g/l,Kalium-Salz,40.17,g/l,0,
006193-61,Herbizid,Pelargonsäure,186.7,g/l,"",,"",0,
024645-60,Herbizid,Pelargonsäure,186.7,g/l,Ammonium-Salz,206.8,g/l,0,
024645-00,Herbizid,Pelargonsäure,186.7,g/l,Ammonium-Salz,206.8,g/l,0,
006193-64,Herbizid,Maleinsäurehydrazid,30,g/l,Kalium-Salz,40.17,g/l,0,
006193-64,Herbizid,Pelargonsäure,186.7,g/l,"",,"",0,
024645-66,Herbizid,Pelargonsäure,186.7,g/l,Ammonium-Salz,206.8,g/l,0,
024646-60,Herbizid,Pelargonsäure,31.02,g/l,Grundkörper,34.4,g/l,0,
007158-00,Herbizid,Metsulfuron,64.2,g/kg,Methylester,66.6,g/kg,0,2
007158-00,Herbizid,Thifensulfuron,321.4,g/kg,Methylester,333.5,g/kg,0,2
026298-00,Herbizid,Metsulfuron,192.7,g/kg,Methylester,200,g/kg,0,2
028854-00,Herbizid,Tribenuron,481.03,g/kg,Methylester,500,g/kg,0,2
028866-00,Herbizid,Tribenuron,241.15,g/kg,Methylester,250,g/kg,0,2
028866-00,Herbizid,Florasulam,104,g/kg,"",,"",0,2
008806-00,Herbizid,Diflufenican,500,g/l,"",,"",0,12
008859-60,Herbizid,Flufenacet,500,g/l,"",,"",0,15
043673-00,Herbizid,Isoxaben,500,g/l,"",,"",0,29
060122-79,Herbizid,"2,4-D",8,g/kg,"",,"",0,4
060122-79,Herbizid,Dicamba,1.2,g/kg,"",,"",0,4
00A501-00,Herbizid,Fluazifop-P,128.05,g/l,Butylester,150,g/l,0,1
008859-00,Herbizid,Flufenacet,500,g/l,"",,"",0,15
00A875-00,Herbizid,Fluroxypyr,400,g/l,1-Methyl-heptylester,576,g/l,0,4
008413-00,Herbizid,Fluroxypyr,100,g/l,1-Methyl-heptylester,144,g/l,0,4
008413-00,Herbizid,Florasulam,2.5,g/l,"",,"",0,2
008981-00,Herbizid,Fluroxypyr,200,g/l,1-Methyl-heptylester,288,g/l,0,4
006914-00,Herbizid,Fluroxypyr,180,g/l,1-Methyl-heptylester,259,g/l,0,4
006914-66,Herbizid,Fluroxypyr,180,g/l,1-Methyl-heptylester,259,g/l,0,4
00A590-62,Herbizid,Fluroxypyr,200,g/l,1-Methyl-heptylester,288.078,g/l,0,4
008670-60,Herbizid,Fluazifop-P,106.7,g/l,Butylester,125,g/l,0,1
00B332-00,Herbizid,Mesotrione,480,g/l,"",,"",0,27
028124-62,Herbizid,Mesotrione,100,g/l,"",,"",0,27
00A797-00,Herbizid,Florasulam,50,g/l,"",,"",0,2
033964-00,Herbizid,Cycloxydim,100,g/l,"",,"",0,1
008116-00,Herbizid,Fluroxypyr,333,g/l,1-Methyl-heptylester,480,g/l,0,4
024193-00,Herbizid,Bifenox,480,g/l,"",,"",0,14
008400-62,Herbizid,Flufenacet,480,g/l,"",,"",0,15
008357-62,Herbizid,Mesotrione,100,g/l,"",,"",0,27
008670-00,Herbizid,Fluazifop-P,106.7,g/l,Butylester,125,g/l,0,1
00A442-60,Herbizid,Fluazifop-P,106.742,g/l,Butylester,125,g/l,0,1
008443-00,Herbizid,Metobromuron,400,g/l,"",,"",0,5
006179-00,Herbizid,Metazachlor,500,g/l,"",,"",0,15
007459-00,Herbizid,Metazachlor,375,g/l,"",,"",0,15
007459-00,Herbizid,Quinmerac,125,g/l,"",,"",0,4
024847-00,Herbizid,Fluazifop-P,107,g/l,Butylester,125,g/l,0,1
006366-60,Herbizid,Metsulfuron,57.8,g/kg,Methylester,60,g/kg,0,2
006366-60,Herbizid,Diflufenican,600,g/kg,"",,"",0,12
060122-78,Herbizid,"2,4-D",8,g/kg,"",,"",0,4
060122-78,Herbizid,Dicamba,1.2,g/kg,"",,"",0,4
008943-00,Herbizid,Picloram,8,g/l,"",,"",0,4
008943-00,Herbizid,Pethoxamid,400,g/l,"",,"",0,15
008772-60,Herbizid,Picloram,67,g/l,Monoethanolamin-Salz,84,g/l,0,4
008772-60,Herbizid,Clopyralid,267,g/l,Monoethanolamin-Salz,352,g/l,0,4
006914-60,Herbizid,Fluroxypyr,180,g/l,1-Methyl-heptylester,259,g/l,0,4
024798-60,Herbizid,Clomazone,360,g/l,"",,"",0,13
060122-74,Herbizid,"2,4-D",8,g/kg,"",,"",0,4
060122-74,Herbizid,Dicamba,1.2,g/kg,"",,"",0,4
008047-63,Herbizid,Eisen-II-sulfat,163,g/kg,Monohydrat,182,g/kg,0,
007003-60,Herbizid,Triclopyr,150,g/l,Butoxyethylester,209,g/l,0,4
007003-60,Herbizid,Fluroxypyr,150,g/l,1-Methyl-heptylester,216,g/l,0,4
005747-64,Herbizid,"2,4-D",70,g/l,Dimethylamin-Salz,84.3,g/l,0,4
005747-64,Herbizid,MCPA,70,g/l,Dimethylamin-Salz,85.7,g/l,0,4
005747-64,Herbizid,Dicamba,20,g/l,Dimethylamin-Salz,24.1,g/l,0,4
005747-64,Herbizid,Mecoprop-P,42,g/l,Dimethylamin-Salz,50.8,g/l,0,4
008047-68,Herbizid,Eisen-II-sulfat,163,g/kg,Monohydrat,182,g/kg,0,
060122-66,Herbizid,"2,4-D",8,g/kg,"",,"",0,4
060122-66,Herbizid,Dicamba,1.2,g/kg,"",,"",0,4
060122-75,Herbizid,"2,4-D",8,g/kg,"",,"",0,4
060122-75,Herbizid,Dicamba,1.2,g/kg,"",,"",0,4
008047-60,Herbizid,Eisen-II-sulfat,163,g/kg,Monohydrat,182,g/kg,0,
060122-72,Herbizid,"2,4-D",8,g/kg,"",,"",0,4
060122-72,Herbizid,Dicamba,1.2,g/kg,"",,"",0,4
008047-61,Herbizid,Eisen-II-sulfat,163,g/kg,Monohydrat,182,g/kg,0,
00A588-60,Herbizid,Nicosulfuron,30,g/l,"",,"",0,2
00A588-60,Herbizid,Mesotrione,80,g/l,"",,"",0,27
008400-64,Herbizid,Flufenacet,480,g/l,"",,"",0,15
00A606-61,Herbizid,Clopyralid,80,g/l,"",,"",0,4
00A606-61,Herbizid,Fluroxypyr,100,g/l,1-Methyl-heptylester,144,g/l,0,4
00A606-61,Herbizid,Florasulam,2.5,g/l,"",,"",0,2
008288-63,Herbizid,Dicamba,480,g/l,Dimethylamin-Salz,577.9,g/l,0,4
008633-00,Herbizid,"2,4-D",360,g/l,Ethylhexylester,543,g/l,0,4
008633-00,Herbizid,Fluroxypyr,90,g/l,1-Methyl-heptylester,130,g/l,0,4
008089-00,Herbizid,Picloram,13.3,g/l,Triisopropanolammonium,23.8,g/l,0,4
008089-00,Herbizid,Metazachlor,500,g/l,"",,"",0,15
008089-00,Herbizid,Aminopyralid,5.3,g/l,Triisopropanolammonium,10.2,g/l,0,4
008147-00,Herbizid,Cloquintocet,5.35,g/l,Mexyl 1-Methyl-hexylester,7.5,g/l,0,
008147-00,Herbizid,Halauxifen-methyl,7.81,g/l,"",,"",0,4
008831-00,Herbizid,"","","",Mexyl 1-Methyl-hexylester,5.58,g/l,0,
008831-00,Herbizid,Florasulam,5,g/l,"",,"",0,2
008831-00,Herbizid,Halauxifen-methyl,6.25,g/l,"",,"",0,4
00A685-00,Herbizid,Dicamba,510.42,g/kg,Natrium-Salz,561.48,g/kg,0,4
00A685-00,Herbizid,Rimsulfuron,31.25,g/kg,"",,"",0,2
00A685-00,Herbizid,Nicosulfuron,62.475,g/kg,"",,"",0,2
00A685-00,Herbizid,Isoxadifen,28.28,g/kg,Ethylester,31.25,g/kg,0,
00A782-00,Herbizid,Glyphosat,360,g/l,Isopropylamin-Salz,488,g/l,0,9
008309-60,Herbizid,Metamitron,571,g/l,"",,"",0,5
008309-60,Herbizid,Quinmerac,71,g/l,"",,"",0,4
00A190-00,Herbizid,Metamitron,700,g/l,"",,"",0,5
006470-00,Herbizid,Metamitron,700,g/l,"",,"",0,5
025037-00,Herbizid,Ethofumesat,150,g/l,"",,"",0,
025037-00,Herbizid,Metamitron,350,g/l,"",,"",0,5
007529-00,Herbizid,Metamitron,525,g/l,"",,"",0,5
007529-00,Herbizid,Quinmerac,40,g/l,"",,"",0,4
034060-60,Herbizid,Quizalofop-P,46.3,g/l,Ethylester,50,g/l,0,1
034060-62,Herbizid,Quizalofop-P,46.3,g/l,Ethylester,50,g/l,0,1
008386-60,Herbizid,Quizalofop-P-ethyl,108,g/l,"",,"",0,
00B050-00,Herbizid,Dicamba,0.468,g/kg,Kalium-Salz,0.549,g/kg,0,4
00B050-00,Herbizid,Eisen-II-sulfat,163,g/kg,"",,"",0,
00B050-00,Herbizid,Mecoprop-P,3.75,g/kg,"",,"",0,4
060122-99,Herbizid,"2,4-D",8,g/kg,"",,"",0,4
060122-99,Herbizid,Dicamba,1.2,g/kg,"",,"",0,4
060122-83,Herbizid,"2,4-D",8,g/kg,"",,"",0,4
060122-83,Herbizid,Dicamba,1.2,g/kg,"",,"",0,4
006220-60,Herbizid,Propyzamid,400,g/l,"",,"",0,3
035671-00,Herbizid,Metsulfuron,192.64,g/kg,Methylester,200,g/kg,0,2
060122-77,Herbizid,"2,4-D",8,g/kg,"",,"",0,4
060122-77,Herbizid,Dicamba,1.2,g/kg,"",,"",0,4
060122-82,Herbizid,"2,4-D",8,g/kg,"",,"",0,4
060122-82,Herbizid,Dicamba,1.2,g/kg,"",,"",0,4
060122-94,Herbizid,"2,4-D",8,g/kg,"",,"",0,4
060122-94,Herbizid,Dicamba,1.2,g/kg,"",,"",0,4
00A555-00,Herbizid,MCPA,300,g/l,Kalium-Salz,357,g/l,0,4
00A555-00,Herbizid,Dicamba,40,g/l,Natrium-Salz,44,g/l,0,4
008675-00,Herbizid,MCPA,200,g/l,Kalium-Salz,231.83,g/l,0,4
008675-00,Herbizid,Clopyralid,20,g/l,Monoethanolamin-Salz,25.08,g/l,0,4
008675-00,Herbizid,Fluroxypyr,40,g/l,1-Methyl-heptylester,54.72,g/l,0,4
007176-00,Herbizid,MCPA,500,g/l,Dimethylamin-Salz,612.41,g/l,0,4
028124-60,Herbizid,Mesotrione,100,g/l,"",,"",0,27
00A579-00,Herbizid,Glyphosat,180,g/l,Isopropylamin-Salz,242.9,g/l,0,9
005950-00,Herbizid,Thifensulfuron,480.6,g/kg,Methylester,500,g/kg,0,2
008529-63,Herbizid,Pelargonsäure,500,g/l,"",,"",0,
005878-00,Herbizid,Diflufenican,200,g/l,"",,"",0,12
005878-00,Herbizid,Flufenacet,400,g/l,"",,"",0,15
034837-61,Herbizid,Flazasulfuron,250,g/kg,"",,"",0,2
024128-00,Herbizid,Amidosulfuron,750,g/kg,"",,"",0,2
024778-00,Herbizid,Amidosulfuron,125,g/kg,"",,"",0,2
024778-00,Herbizid,Iodosulfuron,11.6,g/kg,Methylester-Na,12.5,g/kg,0,2
00A415-00,Herbizid,Diflufenican,500,g/l,"",,"",0,12
00A554-00,Herbizid,Fluroxypyr,200,g/l,1-Methyl-heptylester,288,g/l,0,4
036209-00,Herbizid,Mefenpyr,288.6,g/l,Diethylester,300,g/l,0,
036209-00,Herbizid,Iodosulfuron,93.1,g/l,Methylester-Na,100,g/l,0,2
027603-00,Herbizid,Mefenpyr,240.5,g/l,Diethylester,250,g/l,0,
027603-00,Herbizid,Iodosulfuron,46.56,g/l,Methylester-Na,50,g/l,0,2
027603-00,Herbizid,Mesosulfuron,7.29,g/l,Methylester-Na,7.83,g/l,0,2
008818-00,Herbizid,Nicosulfuron,40,g/l,"",,"",0,2
006275-62,Herbizid,Eisen-II-sulfat,238,g/kg,Monohydrat,266,g/kg,0,
027821-65,Herbizid,"2,4-D",3.3,g/kg,Dimethylamin-Salz,3.97,g/kg,0,4
027821-65,Herbizid,Dicamba,1.6,g/kg,Dimethylamin-Salz,1.93,g/kg,0,4
00A552-00,Herbizid,Mefenpyr,95.5,g/kg,Diethylester,112.5,g/kg,0,
00A552-00,Herbizid,Mesosulfuron,45,g/kg,Methylester-Na,47,g/kg,0,2
00A552-00,Herbizid,Thiencarbazone,15,g/kg,Methylester-Na,15.8,g/kg,0,2
060122-85,Herbizid,"2,4-D",8,g/kg,"",,"",0,4
060122-85,Herbizid,Dicamba,1.2,g/kg,"",,"",0,4
007932-60,Herbizid,Metobromuron,500,g/l,"",,"",0,5
028610-61,Herbizid,Amidosulfuron,50,g/kg,Natrium-Salz,53,g/kg,0,2
028610-61,Herbizid,Mefenpyr,86.58,g/kg,Diethylester,90,g/kg,0,
028610-61,Herbizid,Iodosulfuron,9.312,g/kg,Methylester-Na,10,g/kg,0,2
028610-61,Herbizid,Mesosulfuron,29.16,g/kg,Methylester-Na,31.324,g/kg,0,2
007818-60,Herbizid,Bifenox,480,g/l,"",,"",0,14
007818-60,Herbizid,Florasulam,5,g/l,"",,"",0,2
024602-60,Herbizid,Metsulfuron,96.3,g/kg,Methylester,100,g/kg,0,2
024602-60,Herbizid,Carfentrazone,372.8,g/kg,Ethylester,400,g/kg,0,14
006288-60,Herbizid,Metazachlor,200,g/l,"",,"",0,15
006288-60,Herbizid,Dimethenamid-P,200,g/l,"",,"",0,15
044660-63,Herbizid,Mesotrione,100,g/l,"",,"",0,27
006960-60,Herbizid,Nicosulfuron,30,g/l,"",,"",0,2
006960-60,Herbizid,Mesotrione,75,g/l,"",,"",0,27
006839-60,Herbizid,Pendimethalin,400,g/l,"",,"",0,3
044622-60,Herbizid,Florasulam,50,g/l,"",,"",0,2
025078-60,Herbizid,Pethoxamid,600,g/l,"",,"",0,15
007738-00,Herbizid,Nicosulfuron,240,g/l,"",,"",0,2
00A432-00,Herbizid,Clomazone,80,g/l,"",,"",0,13
00A432-00,Herbizid,Mesotrione,150,g/l,"",,"",0,27
00A197-61,Herbizid,Isoxadifen,108.1,g/l,Ethylester,134,g/l,0,
00A197-61,Herbizid,Tembotrione,345,g/l,"",,"",0,27
00A197-61,Herbizid,Thiencarbazone,65.55,g/l,Methylester,68,g/l,0,2
00A431-00,Herbizid,Dicamba,480,g/l,Dimethylamin-Salz,640.3,g/l,0,4
060122-90,Herbizid,"2,4-D",8,g/kg,"",,"",0,4
060122-90,Herbizid,Dicamba,1.2,g/kg,"",,"",0,4
00B141-60,Herbizid,Clethodim,240,g/l,"",,"",0,1
008324-00,Herbizid,Diflufenican,14,g/l,"",,"",0,12
008324-00,Herbizid,Prosulfocarb,667,g/l,"",,"",0,15
00A952-00,Herbizid,Diflufenican,14,g/l,"",,"",0,12
00A952-00,Herbizid,Prosulfocarb,667,g/l,"",,"",0,15
00B289-00,Herbizid,Mesotrione,100,g/l,"",,"",0,27
00A588-00,Herbizid,Nicosulfuron,30,g/l,"",,"",0,2
00A588-00,Herbizid,Mesotrione,80,g/l,"",,"",0,27
00B068-00,Herbizid,Propaquizafop,100,g/l,"",,"",0,1
028571-60,Herbizid,Mefenpyr,114.7,g/kg,Diethylester,135,g/kg,0,
028571-60,Herbizid,Iodosulfuron,8.39,g/kg,Methylester-Na,9,g/kg,0,2
028571-60,Herbizid,Mesosulfuron,41.87,g/kg,Methylester-Na,47,g/kg,0,2
028571-60,Herbizid,Thiencarbazone,21.7,g/kg,Methylester-Na,23.8,g/kg,0,2
00A311-00,Herbizid,Dicamba,480,g/l,Dimethylamin-Salz,577.9,g/l,0,4
008288-61,Herbizid,Dicamba,480,g/l,Dimethylamin-Salz,577.9,g/l,0,4
007958-62,Herbizid,Nicosulfuron,40,g/l,"",,"",0,2
006911-00,Herbizid,Metazachlor,300,g/l,"",,"",0,15
006911-00,Herbizid,Quinmerac,100,g/l,"",,"",0,4
006911-00,Herbizid,Dimethenamid-P,100,g/l,"",,"",0,15
034837-60,Herbizid,Flazasulfuron,250,g/kg,"",,"",0,2
008527-00,Herbizid,Pelargonsäure,500,g/l,"",,"",0,
034409-64,Herbizid,Nicosulfuron,40,g/l,"",,"",0,2
00A504-60,Herbizid,Prosulfocarb,800,g/l,"",,"",0,15
00A810-60,Herbizid,Prosulfocarb,800,g/l,"",,"",0,15
006220-00,Herbizid,Propyzamid,400,g/l,"",,"",0,3
060122-68,Herbizid,"2,4-D",8,g/kg,"",,"",0,4
060122-68,Herbizid,Dicamba,1.2,g/kg,"",,"",0,4
008309-00,Herbizid,Metamitron,571,g/l,"",,"",0,5
008309-00,Herbizid,Quinmerac,71,g/l,"",,"",0,4
008337-00,Herbizid,Mesotrione,100,g/l,"",,"",0,27
008450-00,Herbizid,MCPA,233,g/l,Kalium-Salz,277.3,g/l,0,4
008450-00,Herbizid,Clopyralid,28,g/l,Monoethanolamin-Salz,36.9,g/l,0,4
008450-00,Herbizid,Fluroxypyr,50,g/l,1-Methyl-heptylester,72,g/l,0,4
006914-65,Herbizid,Fluroxypyr,180,g/l,1-Methyl-heptylester,259,g/l,0,4
060122-73,Herbizid,"2,4-D",8,g/kg,"",,"",0,4
060122-73,Herbizid,Dicamba,1.2,g/kg,"",,"",0,4
028938-00,Herbizid,Clopyralid,120,g/l,"",,"",0,4
028938-00,Herbizid,Halauxifen-methyl,5,g/l,"",,"",0,4
007200-00,Herbizid,"2,4-D",160,g/l,Dimethylamin-Salz,192.7,g/l,0,4
007200-00,Herbizid,Glyphosat,240,g/l,Isopropylamin-Salz,324,g/l,0,9
00A767-00,Herbizid,Picloram,48,g/l,"",,"",0,4
00A767-00,Herbizid,Aminopyralid,32,g/l,"",,"",0,4
00A767-00,Herbizid,Halauxifen-methyl,10,g/l,"",,"",0,4
00A606-62,Herbizid,Clopyralid,80,g/l,"",,"",0,4
00A606-62,Herbizid,Fluroxypyr,100,g/l,1-Methyl-heptylester,144,g/l,0,4
00A606-62,Herbizid,Florasulam,2.5,g/l,"",,"",0,2
008288-62,Herbizid,Dicamba,480,g/l,Dimethylamin-Salz,577.9,g/l,0,4
060122-89,Herbizid,"2,4-D",8,g/kg,"",,"",0,4
060122-89,Herbizid,Dicamba,1.2,g/kg,"",,"",0,4
026923-61,Herbizid,Glyphosat,480,g/l,Dimethylamin-Salz,608,g/l,0,9
008047-72,Herbizid,Eisen-II-sulfat,163,g/kg,Monohydrat,182,g/kg,0,
060122-62,Herbizid,"2,4-D",8,g/kg,"",,"",0,4
060122-62,Herbizid,Dicamba,1.2,g/kg,"",,"",0,4
026255-00,Herbizid,"","","",Ethylester,22,g/l,0,
026255-00,Herbizid,Tembotrione,44,g/l,"",,"",0,27
007463-00,Herbizid,Isoxadifen,90.5,g/kg,Ethylester,100,g/kg,0,
007463-00,Herbizid,Tembotrione,200,g/kg,"",,"",0,27
00A123-00,Herbizid,Fluroxypyr,200,g/l,1-Methyl-heptylester,288,g/l,0,4
033231-00,Herbizid,Pyridat,450,g/kg,"",,"",0,6
043753-00,Herbizid,Chlortoluron,700,g/l,"",,"",0,
00A391-00,Herbizid,Quizalofop-P-ethyl,50,g/l,"",,"",0,
00A152-00,Herbizid,Clomazone,360,g/l,"",,"",0,13
00A265-00,Herbizid,Fluroxypyr,200,g/l,1-Methyl-heptylester,288,g/l,0,4
006914-63,Herbizid,Fluroxypyr,180,g/l,1-Methyl-heptylester,259,g/l,0,4
028124-61,Herbizid,Mesotrione,100,g/l,"",,"",0,27
007865-00,Herbizid,Clopyralid,600,g/l,Dimethylamin-Salz,741,g/l,0,4
006851-00,Herbizid,Clopyralid,720,g/kg,"",,"",0,4
005747-69,Herbizid,"2,4-D",70,g/l,Dimethylamin-Salz,84.3,g/l,0,4
005747-69,Herbizid,MCPA,70,g/l,Dimethylamin-Salz,85.7,g/l,0,4
005747-69,Herbizid,Dicamba,20,g/l,Dimethylamin-Salz,24.1,g/l,0,4
005747-69,Herbizid,Mecoprop-P,42,g/l,Dimethylamin-Salz,50.8,g/l,0,4
008996-61,Herbizid,Mefenpyr,86.6,g/kg,Diethylester,90,g/kg,0,
008996-61,Herbizid,Iodosulfuron,5.6,g/kg,Methylester-Na,6,g/kg,0,2
008996-61,Herbizid,Mesosulfuron,29.2,g/kg,Methylester,30,g/kg,0,2
044660-67,Herbizid,Mesotrione,100,g/l,"",,"",0,27
044660-65,Herbizid,Mesotrione,100,g/l,"",,"",0,27
005950-60,Herbizid,Thifensulfuron,480.6,g/kg,Methylester,500,g/kg,0,2
008414-00,Herbizid,Diflufenican,500,g/l,"",,"",0,12
00A553-00,Herbizid,Quizalofop-P-ethyl,100,g/l,"",,"",0,
00A485-00,Herbizid,Quizalofop-P-ethyl,50,g/l,"",,"",0,
00A076-60,Herbizid,Dicamba,480,g/l,"",,"",0,4
024440-00,Herbizid,Dicamba,700,g/kg,Natrium-Salz,770,g/kg,0,4
007424-00,Herbizid,Iodosulfuron,0.85,g/l,Methylester-Na,1,g/l,0,2
007424-00,Herbizid,Foramsulfuron,30,g/l,Natrium-Salz,31.5,g/l,0,2
007424-00,Herbizid,Cyprosulfamide,15,g/l,"",,"",0,
007424-00,Herbizid,Thiencarbazone,9.77,g/l,Methylester,10,g/l,0,2
060122-76,Herbizid,"2,4-D",8,g/kg,"",,"",0,4
060122-76,Herbizid,Dicamba,1.2,g/kg,"",,"",0,4
044660-62,Herbizid,Mesotrione,100,g/l,"",,"",0,27
00A163-00,Herbizid,Aclonifen,500,g/l,"",,"",0,32
00A163-00,Herbizid,Diflufenican,100,g/l,"",,"",0,12
00A711-00,Herbizid,Florasulam,100,g/l,"",,"",0,2
060939-68,Herbizid,MCPA,500,g/l,Dimethylamin-Salz,612.35,g/l,0,4
00A190-60,Herbizid,Metamitron,700,g/l,"",,"",0,5
044660-66,Herbizid,Mesotrione,100,g/l,"",,"",0,27
008993-00,Herbizid,Pendimethalin,333,g/l,"",,"",0,3
008993-00,Herbizid,Diflufenican,20,g/l,"",,"",0,12
008993-00,Herbizid,Flufenacet,80,g/l,"",,"",0,15
00B159-00,Herbizid,Terbuthylazin,375,g/l,"",,"",0,5
00B159-00,Herbizid,Isoxaflutole,50,g/l,"",,"",0,27
00B159-00,Herbizid,Cyprosulfamide,50,g/l,"",,"",0,
00A980-00,Herbizid,Isoxaflutole,240,g/l,"",,"",0,27
00A980-00,Herbizid,Cyprosulfamide,240,g/l,"",,"",0,
008548-00,Herbizid,Diflufenican,200,g/l,"",,"",0,12
008548-00,Herbizid,Flufenacet,400,g/l,"",,"",0,15
008517-00,Herbizid,Mesotrione,100,g/l,"",,"",0,27
044660-60,Herbizid,Mesotrione,100,g/l,"",,"",0,27
005338-60,Herbizid,Metamitron,696,g/l,"",,"",0,5
00A534-00,Herbizid,Ethofumesat,150,g/l,"",,"",0,
00A534-00,Herbizid,Metamitron,350,g/l,"",,"",0,5
00A256-60,Herbizid,Metamitron,700,g/l,"",,"",0,5
00B294-00,Herbizid,Mesotrione,100,g/l,"",,"",0,27
005945-61,Herbizid,Nicosulfuron,60,g/l,"",,"",0,2
005945-00,Herbizid,Nicosulfuron,60,g/l,"",,"",0,2
007726-00,Herbizid,Propyzamid,500,g/l,"",,"",0,3
007726-00,Herbizid,Aminopyralid,5.3,g/l,Kalium-Salz,6.3,g/l,0,4
033838-62,Herbizid,Prosulfocarb,800,g/l,"",,"",0,15
006914-64,Herbizid,Fluroxypyr,180,g/l,1-Methyl-heptylester,259,g/l,0,4
00A256-00,Herbizid,Metamitron,700,g/l,"",,"",0,5
007525-00,Herbizid,Glyphosat,720,g/kg,Ammonium-Salz,792,g/kg,0,9
008627-61,Herbizid,Quizalofop-P-ethyl,50,g/l,"",,"",0,
024645-65,Herbizid,Pelargonsäure,186.7,g/l,Ammonium-Salz,206.8,g/l,0,
005945-63,Herbizid,Nicosulfuron,60,g/l,"",,"",0,2
005945-64,Herbizid,Nicosulfuron,60,g/l,"",,"",0,2
006766-00,Herbizid,Ethofumesat,500,g/l,"",,"",0,
00A400-00,Herbizid,Napropamid,450,g/l,"",,"",0,
007958-63,Herbizid,Nicosulfuron,40,g/l,"",,"",0,2
00B076-00,Herbizid,Glyphosat,360,g/l,Isopropylamin-Salz,486,g/l,0,9
060122-59,Herbizid,"2,4-D",8,g/kg,"",,"",0,4
060122-59,Herbizid,Dicamba,1.2,g/kg,"",,"",0,4
024345-69,Herbizid,Essigsäure,102,g/l,"",,"",0,
024345-71,Herbizid,Essigsäure,102,g/l,"",,"",0,
024345-70,Herbizid,Essigsäure,102,g/l,"",,"",0,
024345-67,Herbizid,Essigsäure,102,g/l,"",,"",0,
00A569-00,Herbizid,Quizalofop-P-ethyl,50,g/l,"",,"",0,
008996-00,Herbizid,Mefenpyr,86.6,g/kg,Diethylester,90,g/kg,0,
008996-00,Herbizid,Iodosulfuron,5.6,g/kg,Methylester-Na,6,g/kg,0,2
008996-00,Herbizid,Mesosulfuron,29.2,g/kg,Methylester,30,g/kg,0,2
006946-00,Herbizid,Nicosulfuron,40,g/l,"",,"",0,2
008384-60,Herbizid,Nicosulfuron,40,g/l,"",,"",0,2
008384-00,Herbizid,Nicosulfuron,40,g/l,"",,"",0,2
025306-00,Herbizid,Metazachlor,250,g/l,"",,"",0,15
025306-00,Herbizid,Clomazone,33.3,g/l,"",,"",0,13
034409-00,Herbizid,Nicosulfuron,40,g/l,"",,"",0,2
005945-60,Herbizid,Nicosulfuron,60,g/l,"",,"",0,2
007366-00,Herbizid,Aclonifen,500,g/kg,"",,"",0,32
007366-00,Herbizid,Clomazone,30,g/kg,"",,"",0,13
044895-00,Herbizid,Flumioxazin,500,g/kg,"",,"",0,14
006281-61,Herbizid,Glyphosat,360,g/l,Isopropylamin-Salz,485.6,g/l,0,9
005338-62,Herbizid,Metamitron,696,g/l,"",,"",0,5
00A607-60,Herbizid,Mefenpyr,76.47,g/kg,Diethylester,90,g/kg,0,
00A607-60,Herbizid,Iodosulfuron,5.59,g/kg,Methylester-Na,6,g/kg,0,2
00A607-60,Herbizid,Mesosulfuron,29.16,g/kg,Methylester,30,g/kg,0,2
00A533-00,Herbizid,Ethofumesat,500,g/l,"",,"",0,
007481-00,Herbizid,Dicamba,700,g/kg,Natrium-Salz,769.7,g/kg,0,4
028571-61,Herbizid,Mefenpyr,114.7,g/kg,Diethylester,135,g/kg,0,
028571-61,Herbizid,Iodosulfuron,8.39,g/kg,Methylester-Na,9,g/kg,0,2
028571-61,Herbizid,Mesosulfuron,41.87,g/kg,Methylester-Na,47,g/kg,0,2
028571-61,Herbizid,Thiencarbazone,21.7,g/kg,Methylester-Na,23.8,g/kg,0,2
008271-00,Herbizid,Fluroxypyr,135,g/l,1-Methyl-heptylester,194.5,g/l,0,4
008271-00,Herbizid,Metsulfuron,4.816,g/l,Methylester,5,g/l,0,2
008271-00,Herbizid,Thifensulfuron,28.914,g/l,Methylester,30,g/l,0,2
008118-00,Herbizid,Pyridat,600,g/l,"",,"",0,6
005322-60,Herbizid,Carfentrazone,371.79,g/kg,Ethylester,400,g/kg,0,14
060122-58,Herbizid,"2,4-D",8,g/kg,"",,"",0,4
060122-58,Herbizid,Dicamba,1.2,g/kg,"",,"",0,4
00A191-60,Herbizid,Fluroxypyr,100,g/l,1-Methyl-heptylester,144,g/l,0,4
00A191-60,Herbizid,Florasulam,2,g/l,"",,"",0,2
00B213-00,Herbizid,Fluroxypyr,98,g/l,1-Methyl-heptylester,141.12,g/l,0,4
00B213-00,Herbizid,Florasulam,2.45,g/l,"",,"",0,2
028610-60,Herbizid,Amidosulfuron,50,g/kg,Natrium-Salz,53,g/kg,0,2
028610-60,Herbizid,Mefenpyr,86.58,g/kg,Diethylester,90,g/kg,0,
028610-60,Herbizid,Iodosulfuron,9.312,g/kg,Methylester-Na,10,g/kg,0,2
028610-60,Herbizid,Mesosulfuron,29.16,g/kg,Methylester-Na,31.324,g/kg,0,2
008400-61,Herbizid,Flufenacet,480,g/l,"",,"",0,15
005190-00,Herbizid,Quizalofop-P,31.81,g/l,Tefuryl tetrahydrofurfuryl,40,g/l,0,1
005190-61,Herbizid,Quizalofop-P,31.81,g/l,Tefuryl tetrahydrofurfuryl,40,g/l,0,1
004788-00,Herbizid,Prosulfuron,750,g/kg,"",,"",0,2
044788-00,Herbizid,Prosulfuron,750,g/kg,"",,"",0,2
027467-00,Herbizid,Metsulfuron,57.8,g/kg,Methylester,60,g/kg,0,2
027467-00,Herbizid,Diflufenican,600,g/kg,"",,"",0,12
00A677-00,Herbizid,Pendimethalin,455,g/l,"",,"",0,3
006193-67,Herbizid,Maleinsäurehydrazid,30,g/l,Kalium-Salz,40.17,g/l,0,
006193-67,Herbizid,Pelargonsäure,186.7,g/l,"",,"",0,
006796-62,Herbizid,Fettsäuren (C7 - C20),29.7,g/l,Caprylsäure/Caprinsäure,29.7,g/l,0,
00A049-00,Herbizid,Pelargonsäure,250,g/l,"",,"",0,
00A351-60,Herbizid,Pelargonsäure,30,g/l,"",,"",0,
00A351-00,Herbizid,Pelargonsäure,30,g/l,"",,"",0,
060122-95,Herbizid,"2,4-D",8,g/kg,"",,"",0,4
060122-95,Herbizid,Dicamba,1.2,g/kg,"",,"",0,4
00A442-00,Herbizid,Fluazifop-P,106.742,g/l,Butylester,125,g/l,0,1
033838-61,Herbizid,Prosulfocarb,800,g/l,"",,"",0,15
034107-61,Herbizid,Propaquizafop,100,g/l,"",,"",0,1
044622-62,Herbizid,Florasulam,50,g/l,"",,"",0,2
00A501-61,Herbizid,Fluazifop-P,128.05,g/l,Butylester,150,g/l,0,1
00A336-00,Herbizid,Picolinafen,750,g/kg,"",,"",0,12
034060-64,Herbizid,Quizalofop-P,46.3,g/l,Ethylester,50,g/l,0,1
007667-61,Herbizid,Quizalofop-P,92.5,g/l,Ethylester,100,g/l,0,1
033838-65,Herbizid,Prosulfocarb,800,g/l,"",,"",0,15
008296-00,Herbizid,Fluroxypyr,280,g/l,1-Methyl-heptylester,403.5,g/l,0,4
008296-00,Herbizid,Cloquintocet,8.5,g/l,Mexyl 1-Methyl-hexylester,12,g/l,0,
008296-00,Herbizid,Halauxifen-methyl,12.5,g/l,"",,"",0,4
026173-61,Herbizid,Glyphosat,360,g/l,Isopropylamin-Salz,485.8,g/l,0,9
026321-60,Herbizid,Glyphosat,450,g/l,"",,"",0,9
008652-62,Herbizid,Metamitron,700,g/l,"",,"",0,5
008047-62,Herbizid,Eisen-II-sulfat,163,g/kg,Monohydrat,182,g/kg,0,
060122-92,Herbizid,"2,4-D",8,g/kg,"",,"",0,4
060122-92,Herbizid,Dicamba,1.2,g/kg,"",,"",0,4
008115-60,Herbizid,Rimsulfuron,250,g/kg,"",,"",0,2
00A711-60,Herbizid,Florasulam,100,g/l,"",,"",0,2
007737-00,Herbizid,Metsulfuron,79.8,g/kg,Methylester,82.8,g/kg,0,2
007737-00,Herbizid,Tribenuron,80.06,g/kg,Methylester,83,g/kg,0,2
007737-00,Herbizid,Florasulam,105,g/kg,"",,"",0,2
005890-00,Herbizid,Tribenuron,482.3,g/kg,Methylester,500,g/kg,0,2
007481-61,Herbizid,Dicamba,700,g/kg,Natrium-Salz,769.7,g/kg,0,4
00B070-00,Herbizid,"2,4-D",300,g/l,Ethylhexylester,452.3,g/l,0,4
00B070-00,Herbizid,Florasulam,6.25,g/l,"",,"",0,2
008529-64,Herbizid,Pelargonsäure,500,g/l,"",,"",0,
006385-00,Herbizid,Thifensulfuron,240.3,g/kg,Methylester,250,g/kg,0,2
006385-00,Herbizid,Tribenuron,241.15,g/kg,Methylester,250,g/kg,0,2
00A106-60,Herbizid,Pelargonsäure,43.06,g/l,"",,"",0,
00A107-60,Herbizid,Pelargonsäure,565.5,g/l,"",,"",0,
00A633-00,Herbizid,Rimsulfuron,30,g/kg,"",,"",0,2
00A633-00,Herbizid,Nicosulfuron,120,g/kg,"",,"",0,2
00A633-00,Herbizid,Mesotrione,360,g/kg,"",,"",0,27
007958-00,Herbizid,Nicosulfuron,40,g/l,"",,"",0,2
044622-00,Herbizid,Florasulam,50,g/l,"",,"",0,2
027521-00,Herbizid,Clopyralid,300,g/l,Monoethanolamin-Salz,395.3,g/l,0,4
027521-00,Herbizid,Florasulam,25,g/l,"",,"",0,2
006726-00,Herbizid,Rimsulfuron,107,g/kg,"",,"",0,2
006726-00,Herbizid,Nicosulfuron,429,g/kg,"",,"",0,2
007011-00,Herbizid,Dicamba,550,g/kg,Natrium-Salz,604.8,g/kg,0,4
007011-00,Herbizid,Rimsulfuron,23,g/kg,"",,"",0,2
007011-00,Herbizid,Nicosulfuron,92,g/kg,"",,"",0,2
00A659-00,Herbizid,Clomazone,360,g/l,"",,"",0,13
00A781-00,Herbizid,Amidosulfuron,360,g/kg,"",,"",0,2
00A781-00,Herbizid,Florpyrauxifen-benzyl,75.49,g/kg,"",,"",0,4
00A424-00,Herbizid,Prosulfocarb,800,g/l,"",,"",0,15
00B161-00,Herbizid,Prosulfocarb,800,g/l,"",,"",0,15
034145-60,Herbizid,Aclonifen,600,g/l,"",,"",0,32
024091-60,Herbizid,Chlortoluron,700,g/l,"",,"",0,
043753-60,Herbizid,Chlortoluron,700,g/l,"",,"",0,
006220-61,Herbizid,Propyzamid,400,g/l,"",,"",0,3
00A590-61,Herbizid,Fluroxypyr,200,g/l,1-Methyl-heptylester,288.078,g/l,0,4
007138-60,Herbizid,Fluroxypyr,200,g/l,1-Methyl-heptylester,288,g/l,0,4
00A940-60,Herbizid,Fluroxypyr,200,g/l,1-Methyl-heptylester,288,g/l,0,4
006914-62,Herbizid,Fluroxypyr,180,g/l,1-Methyl-heptylester,259,g/l,0,4
006470-60,Herbizid,Metamitron,700,g/l,"",,"",0,5
060939-70,Herbizid,MCPA,500,g/l,Dimethylamin-Salz,612.35,g/l,0,4
060939-69,Herbizid,MCPA,500,g/l,Dimethylamin-Salz,612.35,g/l,0,4
034107-62,Herbizid,Propaquizafop,100,g/l,"",,"",0,1
026427-60,Herbizid,Tribenuron,723.4,g/kg,Methylester,750,g/kg,0,2
006427-60,Herbizid,Tribenuron,723.4,g/kg,Methylester,750,g/kg,0,2
044044-60,Herbizid,Glyphosat,360,g/l,Isopropylamin-Salz,485.39,g/l,0,9
006914-61,Herbizid,Fluroxypyr,180,g/l,1-Methyl-heptylester,259,g/l,0,4
007932-00,Herbizid,Metobromuron,500,g/l,"",,"",0,5
00A126-60,Herbizid,Metamitron,700,g/l,"",,"",0,5
00A126-61,Herbizid,Metamitron,700,g/l,"",,"",0,5
034409-63,Herbizid,Nicosulfuron,40,g/l,"",,"",0,2
00B048-00,Herbizid,Propaquizafop,100,g/l,"",,"",0,1
060122-97,Herbizid,"2,4-D",8,g/kg,"",,"",0,4
060122-97,Herbizid,Dicamba,1.2,g/kg,"",,"",0,4
060122-71,Herbizid,"2,4-D",8,g/kg,"",,"",0,4
060122-71,Herbizid,Dicamba,1.2,g/kg,"",,"",0,4
008047-65,Herbizid,Eisen-II-sulfat,163,g/kg,Monohydrat,182,g/kg,0,
025078-00,Herbizid,Pethoxamid,600,g/l,"",,"",0,15
008256-00,Herbizid,Quizalofop-P-ethyl,50,g/l,"",,"",0,
005693-00,Herbizid,Pyraflufen,24.2,g/l,Ethylester,26,g/l,0,14
00A998-00,Herbizid,Prosulfocarb,800,g/l,"",,"",0,15
00A391-60,Herbizid,Quizalofop-P-ethyl,50,g/l,"",,"",0,
007201-60,Herbizid,Diflufenican,360,g/kg,"",,"",0,12
007201-60,Herbizid,Iodosulfuron,9.32,g/kg,Methylester-Na,10,g/kg,0,2
027821-66,Herbizid,"2,4-D",3.3,g/kg,Dimethylamin-Salz,3.97,g/kg,0,4
027821-66,Herbizid,Dicamba,1.6,g/kg,Dimethylamin-Salz,1.93,g/kg,0,4
027821-62,Herbizid,"2,4-D",3.3,g/kg,Dimethylamin-Salz,3.97,g/kg,0,4
027821-62,Herbizid,Dicamba,1.6,g/kg,Dimethylamin-Salz,1.93,g/kg,0,4
008357-61,Herbizid,Mesotrione,100,g/l,"",,"",0,27
007003-00,Herbizid,Triclopyr,150,g/l,Butoxyethylester,209,g/l,0,4
007003-00,Herbizid,Fluroxypyr,150,g/l,1-Methyl-heptylester,216,g/l,0,4
005190-60,Herbizid,Quizalofop-P,31.81,g/l,Tefuryl tetrahydrofurfuryl,40,g/l,0,1
00B217-00,Herbizid,Metazachlor,500,g/l,"",,"",0,15
043401-60,Herbizid,Metazachlor,500,g/l,"",,"",0,15
027821-61,Herbizid,"2,4-D",3.3,g/kg,Dimethylamin-Salz,3.97,g/kg,0,4
027821-61,Herbizid,Dicamba,1.6,g/kg,Dimethylamin-Salz,1.93,g/kg,0,4
060122-55,Herbizid,"2,4-D",8,g/kg,"",,"",0,4
060122-55,Herbizid,Dicamba,1.2,g/kg,"",,"",0,4
005747-60,Herbizid,"2,4-D",70,g/l,Dimethylamin-Salz,84.3,g/l,0,4
005747-60,Herbizid,MCPA,70,g/l,Dimethylamin-Salz,85.7,g/l,0,4
005747-60,Herbizid,Dicamba,20,g/l,Dimethylamin-Salz,24.1,g/l,0,4
005747-60,Herbizid,Mecoprop-P,42,g/l,Dimethylamin-Salz,50.8,g/l,0,4
060122-84,Herbizid,"2,4-D",8,g/kg,"",,"",0,4
060122-84,Herbizid,Dicamba,1.2,g/kg,"",,"",0,4
006239-61,Herbizid,MCPA,1.6,g/l,Kalium-Salz,1.905,g/l,0,4
006239-61,Herbizid,Clopyralid,0.16,g/l,Monoethanolamin-Salz,0.211,g/l,0,4
006239-61,Herbizid,Fluroxypyr,0.32,g/l,1-Methyl-heptylester,0.46,g/l,0,4
006240-61,Herbizid,MCPA,53.74,g/l,Kalium-Salz,68.4,g/l,0,4
006240-61,Herbizid,Clopyralid,5.38,g/l,Monoethanolamin-Salz,7.08,g/l,0,4
006240-61,Herbizid,Fluroxypyr,10.76,g/l,1-Methyl-heptylester,15.5,g/l,0,4
006193-63,Herbizid,Maleinsäurehydrazid,30,g/l,Kalium-Salz,40.17,g/l,0,
006193-63,Herbizid,Pelargonsäure,186.7,g/l,"",,"",0,
00B033-00,Herbizid,Propaquizafop,100,g/l,"",,"",0,1
006099-00,Herbizid,Thifensulfuron,320,g/kg,Methylester,333,g/kg,0,2
006099-00,Herbizid,Tribenuron,160,g/kg,Methylester,166,g/kg,0,2
008548-60,Herbizid,Diflufenican,200,g/l,"",,"",0,12
008548-60,Herbizid,Flufenacet,400,g/l,"",,"",0,15
025078-63,Herbizid,Pethoxamid,600,g/l,"",,"",0,15
00A532-00,Herbizid,Nicosulfuron,60,g/l,"",,"",0,2
00A416-00,Herbizid,Rimsulfuron,250,g/kg,"",,"",0,2
008034-60,Herbizid,Rimsulfuron,250,g/kg,"",,"",0,2
008115-00,Herbizid,Rimsulfuron,250,g/kg,"",,"",0,2
008034-00,Herbizid,Rimsulfuron,250,g/kg,"",,"",0,2
00A345-00,Herbizid,Dicamba,550,g/kg,Natrium-Salz,604.7,g/kg,0,4
00A345-00,Herbizid,Rimsulfuron,23,g/kg,"",,"",0,2
00A345-00,Herbizid,Nicosulfuron,92,g/kg,"",,"",0,2
00B070-60,Herbizid,"2,4-D",300,g/l,Ethylhexylester,452.3,g/l,0,4
00B070-60,Herbizid,Florasulam,6.25,g/l,"",,"",0,2
006986-60,Herbizid,Dicamba,500,g/kg,Natrium-Salz,550,g/kg,0,4
006986-60,Herbizid,Prosulfuron,50,g/kg,"",,"",0,2
026923-62,Herbizid,Glyphosat,480,g/l,Dimethylamin-Salz,608,g/l,0,9
024345-72,Herbizid,Essigsäure,102,g/l,"",,"",0,
008529-62,Herbizid,Pelargonsäure,500,g/l,"",,"",0,
00A042-00,Herbizid,Glyphosat,500,g/l,Kalium-Salz,613,g/l,0,9
007525-60,Herbizid,Glyphosat,720,g/kg,Ammonium-Salz,792,g/kg,0,9
060122-93,Herbizid,"2,4-D",8,g/kg,"",,"",0,4
060122-93,Herbizid,Dicamba,1.2,g/kg,"",,"",0,4
00B114-00,Herbizid,Prosulfocarb,800,g/l,"",,"",0,15
060122-65,Herbizid,"2,4-D",8,g/kg,"",,"",0,4
060122-65,Herbizid,Dicamba,1.2,g/kg,"",,"",0,4
006872-00,Herbizid,Picloram,80,g/l,"",,"",0,4
006872-00,Herbizid,Clopyralid,240,g/l,"",,"",0,4
006872-00,Herbizid,Aminopyralid,40,g/l,"",,"",0,4
008330-00,Herbizid,Aminopyralid,30,g/l,Kalium-Salz,35.5,g/l,0,4
005945-62,Herbizid,Nicosulfuron,60,g/l,"",,"",0,2
034409-62,Herbizid,Nicosulfuron,40,g/l,"",,"",0,2
027767-00,Herbizid,Florasulam,50,g/l,"",,"",0,2
027953-00,Herbizid,Diflufenican,500,g/l,"",,"",0,12
027953-00,Herbizid,Florasulam,50,g/l,"",,"",0,2
00A015-00,Herbizid,Tribenuron,578.7,g/kg,Methylester,600,g/kg,0,2
00A015-00,Herbizid,Florasulam,200,g/kg,"",,"",0,2
026514-00,Herbizid,Metsulfuron,192.6,g/kg,Methylester,200,g/kg,0,2
00B189-00,Herbizid,Clethodim,120,g/l,"",,"",0,1
024366-00,Herbizid,Clethodim,240,g/l,"",,"",0,1
007971-00,Herbizid,Diflufenican,500,g/l,"",,"",0,12
008535-00,Herbizid,Cloquintocet,53.1,g/kg,Mexyl 1-Methyl-hexylester,75,g/kg,0,
008535-00,Herbizid,Pyroxsulam,75,g/kg,"",,"",0,2
00A047-00,Herbizid,Fluroxypyr,150,g/l,1-Methyl-heptylester,216.1,g/l,0,4
00A047-00,Herbizid,Thifensulfuron,28.92,g/l,Methylester,30,g/l,0,2
007222-00,Herbizid,Propyzamid,400,g/l,"",,"",0,3
005268-00,Herbizid,Carfentrazone,55.92,g/l,Ethylester,60,g/l,0,14
008303-00,Herbizid,Pendimethalin,330,g/l,"",,"",0,3
028533-61,Herbizid,Tribenuron,723.4,g/kg,Methylester,750,g/kg,0,2
00A642-00,Herbizid,Glyphosat,360,g/l,Isopropylamin-Salz,485,g/l,0,9
038581-00,Herbizid,Mesotrione,100,g/l,"",,"",0,27
025702-00,Herbizid,Fluroxypyr,100,g/l,1-Methyl-heptylester,144,g/l,0,4
025702-00,Herbizid,Aminopyralid,30,g/l,Kalium-Salz,36,g/l,0,4
060122-80,Herbizid,"2,4-D",8,g/kg,"",,"",0,4
060122-80,Herbizid,Dicamba,1.2,g/kg,"",,"",0,4
008550-00,Herbizid,Metobromuron,400,g/l,"",,"",0,5
008550-00,Herbizid,Clomazone,24,g/l,"",,"",0,13
00A152-60,Herbizid,Clomazone,360,g/l,"",,"",0,13
00B069-00,Herbizid,Fluroxypyr,100,g/l,1-Methyl-heptylester,144,g/l,0,4
00B069-00,Herbizid,Florasulam,2.5,g/l,"",,"",0,2
007932-61,Herbizid,Metobromuron,500,g/l,"",,"",0,5
008323-60,Herbizid,Dicamba,400,g/kg,"",,"",0,4
008323-60,Herbizid,Prosulfuron,40,g/kg,"",,"",0,2
008323-60,Herbizid,Nicosulfuron,100,g/kg,"",,"",0,2
00A475-00,Herbizid,Prosulfocarb,800,g/l,"",,"",0,15
024803-00,Herbizid,Dimethenamid-P,720,g/l,"",,"",0,15
006380-00,Herbizid,Terbuthylazin,250,g/l,"",,"",0,5
006380-00,Herbizid,Dimethenamid-P,280,g/l,"",,"",0,15
006889-00,Herbizid,Pendimethalin,250,g/l,"",,"",0,3
006889-00,Herbizid,Dimethenamid-P,212.5,g/l,"",,"",0,15
007363-00,Herbizid,Pendimethalin,333,g/l,"",,"",0,3
007363-00,Herbizid,Clomazone,30,g/l,"",,"",0,13
034066-63,Herbizid,"2,4-D",500,g/l,Dimethylamin-Salz,602,g/l,0,4
035151-00,Herbizid,Fluroxypyr,100,g/l,1-Methyl-heptylester,144.1,g/l,0,4
035151-00,Herbizid,Florasulam,2.5,g/l,"",,"",0,2
00B202-00,Herbizid,Mesotrione,100,g/l,"",,"",0,27
008400-63,Herbizid,Flufenacet,480,g/l,"",,"",0,15
00B250-60,Herbizid,Metamitron,696,g/l,"",,"",0,5
00A771-60,Herbizid,Fluroxypyr,200,g/l,1-Methyl-heptylester,288.1,g/l,0,4
006766-60,Herbizid,Ethofumesat,500,g/l,"",,"",0,
005958-00,Herbizid,Pendimethalin,455,g/l,"",,"",0,3
005958-60,Herbizid,Pendimethalin,455,g/l,"",,"",0,3
008698-00,Herbizid,Nicosulfuron,40,g/l,"",,"",0,2
008047-00,Herbizid,Eisen-II-sulfat,163,g/kg,Monohydrat,182,g/kg,0,
060122-00,Herbizid,"2,4-D",8,g/kg,"",,"",0,4
060122-00,Herbizid,Dicamba,1.2,g/kg,"",,"",0,4
007590-00,Herbizid,MCPA,4.9,g/kg,Ethylhexylester,7.6,g/kg,0,4
007590-00,Herbizid,Eisen-II-sulfat,163,g/kg,Monohydrat,182,g/kg,0,
007590-00,Herbizid,Mecoprop-P,2.9,g/kg,Ethylhexylester,4.4,g/kg,0,4
008468-00,Herbizid,"2,4-D",2.14,g/kg,"",,"",0,4
008468-00,Herbizid,Dicamba,0.86,g/kg,"",,"",0,4
008468-00,Herbizid,Eisen-II-sulfat,182,g/kg,"",,"",0,
008468-00,Herbizid,Fluroxypyr,0.57,g/kg,1-Methyl-heptylester,0.82,g/kg,0,4
007590-60,Herbizid,MCPA,4.9,g/kg,Ethylhexylester,7.6,g/kg,0,4
007590-60,Herbizid,Eisen-II-sulfat,163,g/kg,Monohydrat,182,g/kg,0,
007590-60,Herbizid,Mecoprop-P,2.9,g/kg,Ethylhexylester,4.4,g/kg,0,4
025496-00,Herbizid,Terbuthylazin,187.5,g/l,"",,"",0,5
025496-00,Herbizid,Pethoxamid,300,g/l,"",,"",0,15
025078-61,Herbizid,Pethoxamid,600,g/l,"",,"",0,15
006952-00,Herbizid,Sulcotrion,300,g/l,"",,"",0,27
035312-00,Herbizid,Flumioxazin,500,g/kg,"",,"",0,14
028452-00,Herbizid,Florasulam,50,g/l,"",,"",0,2
00A756-00,Herbizid,Fenoxaprop-P,63.641,g/l,Ethylester,69,g/l,0,1
00A756-00,Herbizid,Mefenpyr,18.24,g/l,Diethylester,19,g/l,0,
00A800-00,Herbizid,Clodinafop,214,g/l,Propargyl 2-Propinylester,240,g/l,0,
00A800-00,Herbizid,Cloquintocet,60,g/l,Mexyl 1-Methyl-hexylester,60,g/l,0,
008330-60,Herbizid,Aminopyralid,30,g/l,Kalium-Salz,35.5,g/l,0,4
028865-60,Herbizid,Clopyralid,100,g/l,Monoethanolamin-Salz,131.4,g/l,0,4
044044-00,Herbizid,Glyphosat,360,g/l,Isopropylamin-Salz,485.39,g/l,0,9
00A475-61,Herbizid,Prosulfocarb,800,g/l,"",,"",0,15
008181-00,Herbizid,Quinmerac,167,g/l,"",,"",0,4
008181-00,Herbizid,Dimethenamid-P,333,g/l,"",,"",0,15
00A940-00,Herbizid,Fluroxypyr,200,g/l,1-Methyl-heptylester,288,g/l,0,4
00A590-60,Herbizid,Fluroxypyr,200,g/l,1-Methyl-heptylester,288.078,g/l,0,4
00A554-61,Herbizid,Fluroxypyr,200,g/l,1-Methyl-heptylester,288,g/l,0,4
007667-00,Herbizid,Quizalofop-P,92.5,g/l,Ethylester,100,g/l,0,1
034060-00,Herbizid,Quizalofop-P,46.3,g/l,Ethylester,50,g/l,0,1
00A637-00,Herbizid,Metamitron,700,g/l,"",,"",0,5
034457-00,Herbizid,Dicamba,609,g/kg,Natrium-Salz,670,g/kg,0,4
034457-00,Herbizid,Rimsulfuron,32.5,g/kg,"",,"",0,2
008028-00,Herbizid,Nicosulfuron,750,g/kg,"",,"",0,2
028124-00,Herbizid,Mesotrione,100,g/l,"",,"",0,27
00B091-00,Herbizid,Fluroxypyr,200,g/l,1-Methyl-heptylester,288,g/l,0,4
028866-60,Herbizid,Tribenuron,241.15,g/kg,Methylester,250,g/kg,0,2
028866-60,Herbizid,Florasulam,104,g/kg,"",,"",0,2
060122-57,Herbizid,"2,4-D",8,g/kg,"",,"",0,4
060122-57,Herbizid,Dicamba,1.2,g/kg,"",,"",0,4
060122-98,Herbizid,"2,4-D",8,g/kg,"",,"",0,4
060122-98,Herbizid,Dicamba,1.2,g/kg,"",,"",0,4
034273-00,Herbizid,Rimsulfuron,250,g/kg,"",,"",0,2
024091-00,Herbizid,Chlortoluron,700,g/l,"",,"",0,
007819-00,Herbizid,Fluroxypyr,100,g/l,1-Methyl-heptylester,144,g/l,0,4
007819-00,Herbizid,Florasulam,2.5,g/l,"",,"",0,2
007138-00,Herbizid,Fluroxypyr,200,g/l,1-Methyl-heptylester,288,g/l,0,4
006275-63,Herbizid,Eisen-II-sulfat,238,g/kg,Monohydrat,266,g/kg,0,
027821-64,Herbizid,"2,4-D",3.3,g/kg,Dimethylamin-Salz,3.97,g/kg,0,4
027821-64,Herbizid,Dicamba,1.6,g/kg,Dimethylamin-Salz,1.93,g/kg,0,4
008984-00,Herbizid,Napropamid,206,g/l,"",,"",0,
008984-00,Herbizid,Metazachlor,214,g/l,"",,"",0,15
008984-00,Herbizid,Quinmerac,71,g/l,"",,"",0,4
028873-00,Herbizid,Tribenuron,723.4,g/kg,Methylester,750,g/kg,0,2
00B158-00,Herbizid,Tribenuron,723.26,g/kg,Methylester,750,g/kg,0,2
00A590-00,Herbizid,Fluroxypyr,200,g/l,1-Methyl-heptylester,288.078,g/l,0,4
025079-00,Herbizid,Glyphosat,360,g/l,Ammonium-Salz,435,g/l,0,9
028747-00,Herbizid,Tribenuron,723.44,g/kg,Methylester,750,g/kg,0,2
008747-00,Herbizid,Tribenuron,723.445,g/kg,Methylester,750,g/kg,0,2
00A162-00,Herbizid,Ethofumesat,500,g/l,"",,"",0,
026557-00,Herbizid,Clodinafop,22.3,g/l,Propargyl 2-Propinylester,25,g/l,0,
026557-00,Herbizid,Cloquintocet,4.42,g/l,Mexyl 1-Methyl-hexylester,6.25,g/l,0,
026557-00,Herbizid,Pinoxaden,25,g/l,"",,"",0,1
008627-00,Herbizid,Quizalofop-P-ethyl,50,g/l,"",,"",0,
028573-00,Herbizid,Tribenuron,723.4,g/kg,Methylester,750,g/kg,0,2
006427-00,Herbizid,Tribenuron,723.4,g/kg,Methylester,750,g/kg,0,2
026427-00,Herbizid,Tribenuron,723.4,g/kg,Methylester,750,g/kg,0,2
006427-62,Herbizid,Tribenuron,723.4,g/kg,Methylester,750,g/kg,0,2
026427-62,Herbizid,Tribenuron,723.4,g/kg,Methylester,750,g/kg,0,2
00A104-00,Herbizid,Metazachlor,333,g/l,"",,"",0,15
00A104-00,Herbizid,Clomazone,44,g/l,"",,"",0,13
00A104-00,Herbizid,Quinmerac,111,g/l,"",,"",0,4
008071-00,Herbizid,Tribenuron,482.3,g/kg,Methylester,500,g/kg,0,2
006797-00,Herbizid,Chlortoluron,250,g/l,"",,"",0,
006797-00,Herbizid,Pendimethalin,300,g/l,"",,"",0,3
006797-00,Herbizid,Diflufenican,40,g/l,"",,"",0,12
024847-61,Herbizid,Fluazifop-P,107,g/l,Butylester,125,g/l,0,1
044622-61,Herbizid,Florasulam,50,g/l,"",,"",0,2
026404-60,Herbizid,Glyphosat,490,g/l,"",,"",0,9
008401-00,Herbizid,Florasulam,50,g/l,"",,"",0,2
024645-71,Herbizid,Pelargonsäure,186.7,g/l,Ammonium-Salz,206.8,g/l,0,
006796-60,Herbizid,Fettsäuren (C7 - C20),29.7,g/l,Caprylsäure/Caprinsäure,29.7,g/l,0,
005747-70,Herbizid,"2,4-D",70,g/l,Dimethylamin-Salz,84.3,g/l,0,4
005747-70,Herbizid,MCPA,70,g/l,Dimethylamin-Salz,85.7,g/l,0,4
005747-70,Herbizid,Dicamba,20,g/l,Dimethylamin-Salz,24.1,g/l,0,4
005747-70,Herbizid,Mecoprop-P,42,g/l,Dimethylamin-Salz,50.8,g/l,0,4
060122-69,Herbizid,"2,4-D",8,g/kg,"",,"",0,4
060122-69,Herbizid,Dicamba,1.2,g/kg,"",,"",0,4
034066-00,Herbizid,"2,4-D",500,g/l,Dimethylamin-Salz,602,g/l,0,4
060939-00,Herbizid,MCPA,500,g/l,Dimethylamin-Salz,612.35,g/l,0,4
00A606-00,Herbizid,Clopyralid,80,g/l,"",,"",0,4
00A606-00,Herbizid,Fluroxypyr,100,g/l,1-Methyl-heptylester,144,g/l,0,4
00A606-00,Herbizid,Florasulam,2.5,g/l,"",,"",0,2
00A106-00,Herbizid,Pelargonsäure,43.06,g/l,"",,"",0,
00A107-00,Herbizid,Pelargonsäure,565.5,g/l,"",,"",0,
024645-67,Herbizid,Pelargonsäure,186.7,g/l,Ammonium-Salz,206.8,g/l,0,
006796-61,Herbizid,Fettsäuren (C7 - C20),29.7,g/l,Caprylsäure/Caprinsäure,29.7,g/l,0,
00A106-61,Herbizid,Pelargonsäure,43.06,g/l,"",,"",0,
00A107-61,Herbizid,Pelargonsäure,565.5,g/l,"",,"",0,
024645-69,Herbizid,Pelargonsäure,186.7,g/l,Ammonium-Salz,206.8,g/l,0,
060122-56,Herbizid,"2,4-D",8,g/kg,"",,"",0,4
060122-56,Herbizid,Dicamba,1.2,g/kg,"",,"",0,4
00A846-60,Herbizid,Essigsäure,60,g/l,"",,"",0,
024645-72,Herbizid,Pelargonsäure,186.7,g/l,Ammonium-Salz,206.8,g/l,0,
060122-61,Herbizid,"2,4-D",8,g/kg,"",,"",0,4
060122-61,Herbizid,Dicamba,1.2,g/kg,"",,"",0,4
060122-86,Herbizid,"2,4-D",8,g/kg,"",,"",0,4
060122-86,Herbizid,Dicamba,1.2,g/kg,"",,"",0,4
00A846-00,Herbizid,Essigsäure,60,g/l,"",,"",0,
024091-61,Herbizid,Chlortoluron,700,g/l,"",,"",0,
026402-00,Herbizid,Ethofumesat,500,g/l,"",,"",0,
008532-61,Herbizid,Clomazone,360,g/l,"",,"",0,13
007777-63,Herbizid,Clomazone,360,g/l,"",,"",0,13
008810-00,Herbizid,Florasulam,50,g/l,"",,"",0,2
007339-00,Herbizid,Diflufenican,360,g/kg,"",,"",0,12
007339-00,Herbizid,Iodosulfuron,9.32,g/kg,Methylester-Na,10,g/kg,0,2
007201-00,Herbizid,Diflufenican,360,g/kg,"",,"",0,12
007201-00,Herbizid,Iodosulfuron,9.32,g/kg,Methylester-Na,10,g/kg,0,2
034837-62,Herbizid,Flazasulfuron,250,g/kg,"",,"",0,2
00A191-00,Herbizid,Fluroxypyr,100,g/l,1-Methyl-heptylester,144,g/l,0,4
00A191-00,Herbizid,Florasulam,2,g/l,"",,"",0,2
008797-60,Herbizid,Clethodim,240,g/l,"",,"",0,1
007725-00,Herbizid,Lenacil,500,g/l,"",,"",0,5
008797-00,Herbizid,Clethodim,240,g/l,"",,"",0,1
008652-00,Herbizid,Metamitron,700,g/l,"",,"",0,5
008652-61,Herbizid,Metamitron,700,g/l,"",,"",0,5
006723-00,Herbizid,Nicosulfuron,40,g/l,"",,"",0,2
006875-00,Herbizid,Nicosulfuron,40,g/l,"",,"",0,2
027510-00,Herbizid,Diflufenican,100,g/l,"",,"",0,12
027510-00,Herbizid,Florasulam,3.75,g/l,"",,"",0,2
027510-00,Herbizid,Penoxsulam,15,g/l,"",,"",0,2
006988-00,Herbizid,Clopyralid,100,g/l,"",,"",0,4
025079-63,Herbizid,Glyphosat,360,g/l,Ammonium-Salz,435,g/l,0,9
007507-62,Herbizid,Pelargonsäure,237.59,g/l,"",,"",0,
007508-61,Herbizid,Pelargonsäure,30.99,g/l,"",,"",0,
00A679-60,Herbizid,Pelargonsäure,580.24,g/l,"",,"",0,
00B135-00,Herbizid,Ethofumesat,500,g/l,"",,"",0,
008652-60,Herbizid,Metamitron,700,g/l,"",,"",0,5
00A963-00,Herbizid,Aclonifen,540,g/l,"",,"",0,32
00A963-00,Herbizid,Flufenacet,60,g/l,"",,"",0,15
00A549-00,Herbizid,Fluroxypyr,200,g/l,1-Methyl-heptylester,288,g/l,0,4
008529-65,Herbizid,Pelargonsäure,500,g/l,"",,"",0,
006240-00,Herbizid,MCPA,53.74,g/l,Kalium-Salz,68.4,g/l,0,4
006240-00,Herbizid,Clopyralid,5.38,g/l,Monoethanolamin-Salz,7.08,g/l,0,4
006240-00,Herbizid,Fluroxypyr,10.76,g/l,1-Methyl-heptylester,15.5,g/l,0,4
006239-00,Herbizid,MCPA,1.6,g/l,Kalium-Salz,1.905,g/l,0,4
006239-00,Herbizid,Clopyralid,0.16,g/l,Monoethanolamin-Salz,0.211,g/l,0,4
006239-00,Herbizid,Fluroxypyr,0.32,g/l,1-Methyl-heptylester,0.46,g/l,0,4
00A174-00,Herbizid,Quizalofop-P-ethyl,120,g/l,"",,"",0,
008047-70,Herbizid,Eisen-II-sulfat,163,g/kg,Monohydrat,182,g/kg,0,
060122-63,Herbizid,"2,4-D",8,g/kg,"",,"",0,4
060122-63,Herbizid,Dicamba,1.2,g/kg,"",,"",0,4
00A220-00,Herbizid,Ethofumesat,417,g/l,"",,"",0,
00B183-60,Herbizid,Glyphosat,540,g/l,IPA/K-Salz,698.5,g/l,0,9
007777-62,Herbizid,Clomazone,360,g/l,"",,"",0,13
00A559-00,Herbizid,Mefenpyr,86.6,g/kg,Diethylester,90,g/kg,0,
00A559-00,Herbizid,Iodosulfuron,5.6,g/kg,Methylester-Na,6,g/kg,0,2
00A559-00,Herbizid,Mesosulfuron,29.2,g/kg,Methylester,30,g/kg,0,2
034107-60,Herbizid,Propaquizafop,100,g/l,"",,"",0,1
00A197-60,Herbizid,Isoxadifen,108.1,g/l,Ethylester,134,g/l,0,
00A197-60,Herbizid,Tembotrione,345,g/l,"",,"",0,27
00A197-60,Herbizid,Thiencarbazone,65.55,g/l,Methylester,68,g/l,0,2
008295-00,Herbizid,Cloquintocet,3.95,g/l,Mexyl 1-Methyl-hexylester,5.58,g/l,0,
008295-00,Herbizid,Florasulam,5,g/l,"",,"",0,2
008295-00,Herbizid,Halauxifen-methyl,6.25,g/l,"",,"",0,4
024645-63,Herbizid,Pelargonsäure,186.7,g/l,Ammonium-Salz,206.8,g/l,0,
008468-60,Herbizid,"2,4-D",2.14,g/kg,"",,"",0,4
008468-60,Herbizid,Dicamba,0.86,g/kg,"",,"",0,4
008468-60,Herbizid,Eisen-II-sulfat,182,g/kg,"",,"",0,
008468-60,Herbizid,Fluroxypyr,0.57,g/kg,1-Methyl-heptylester,0.82,g/kg,0,4
