"Handelsbezeichnung","Grundpreis","Grundpreis_Einheit","Gebinde_info","Gebindepreis","Gebinde","Gebindegröße","Gebindegröße_Einheit"
"Access 10 l Kanister","6.18","l","61.80/Kanister","61.80","10 l","10","l"
"ADAMA Activus SC 10 l Kanister",NA,NA,"Preis auf Anfrage",NA,"N/A",NA,NA
"ADAMA Agil-S",NA,NA,"ab 33.70/Stück",NA,"N/A",NA,NA
"ADAMA Agro-Quick 5 l Kanister",NA,NA,"Preis auf Anfrage",NA,"N/A",NA,NA
"ADAMA Avastel 15 l VK-Set für den sicheren Schutz vor Pilzkrankheiten",NA,NA,"Preis auf Anfrage",NA,"N/A",NA,NA
"ADAMA Belvedere Duo 5 l Kanister",NA,NA,"Preis auf Anfrage",NA,"N/A",NA,NA
"ADAMA Brevis 1 kg Sack","296.12","kg","296.12/Stück","296.12","1 kg","1","kg"
"ADAMA Carneol 5 l Kanister","35.43","l","177.15/Stück","177.15","5 l","5","l"
"ADAMA Exilis 100 XL 1 l Flasche","183.56","l","183.56/Stück","183.56","1 l","1","l"
"ADAMA Folpan 500 SC 5 l Kanister",NA,NA,"Preis auf Anfrage",NA,"N/A",NA,NA
"ADAMA Folpan 80 WDG 5 kg Sack",NA,NA,"Preis auf Anfrage",NA,"N/A",NA,NA
"ADAMA Fox 5 l Kanister","38.88","l","194.40/Stück","194.40","5 l","5","l"
"ADAMA Fuego 10 l Kanister","27.93","l","279.30/Stück","279.30","10 l","10","l"
"ADAMA Fuego Top 10 l Kanister","42.72","l","427.20/Stück","427.20","10 l","10","l"
"ADAMA Goltix Gold 5 l Kanister","22.03","l","110.15/Stück","110.15","5 l","5","l"
"ADAMA Goltix Titan 10 l Kanister","36.02","l","360.20/Stück","360.20","10 l","10","l"
"ADAMA Goltix Titan Belvedere 17,5 l VK-Set","35.09","l","614.00/Stück","614.00","17.5 l","17.5","l"
"ADAMA Hasten 5 l Kanister",NA,NA,"Preis auf Anfrage",NA,"N/A",NA,NA
"ADAMA Herold SC 1 l Flasche",NA,NA,"Preis auf Anfrage",NA,"N/A",NA,NA
"ADAMA Kudos 2,5 kg Sack","167.41","kg","418.53/Stück","418.53","2.5 kg","2.5","kg"
"ADAMA Magnello 5 l Kanister",NA,NA,"Preis auf Anfrage",NA,"N/A",NA,NA
"ADAMA Mavrik Vita",NA,NA,"ab 75.41/Stück",NA,"N/A",NA,NA
"ADAMA Merpan 80 WDG 5 kg Sack",NA,NA,"Preis auf Anfrage",NA,"N/A",NA,NA
"ADAMA Nimrod EC 1 l Flasche","58.66","l","58.66/Flasche","58.66","1 l","1","l"
"ADAMA Novagib 1 l Flasche","123.81","l","123.81/Stück","123.81","2 St.","2","St."
"ADAMA Pronto Plus 5 l Kanister","33.84","l","169.20/Stück","169.20","5 l","5","l"
"ADAMA Score",NA,NA,"ab 98.75/Stück",NA,"N/A",NA,NA
"ADAMA Taifun forte 20 l Kanister","6.25","l","125.00/Stück","125.00","20 l","20","l"
"ADAMA Tomigan 200",NA,NA,"ab 27.39/Stück",NA,"N/A",NA,NA
"ADAMA Tomigan XL 5 l Kanister",NA,NA,"Preis auf Anfrage",NA,"N/A",NA,NA
"ADAMA TOPREX",NA,NA,"ab 80.49/Stück",NA,"N/A",NA,NA
"ADAMA Trinity 10 l Kanister","22.11","l","221.10/Stück","221.10","10 l","10","l"
"ADAMA Veriphos 10 l Kanister","10.75","l","107.50/Kanister","107.50","10 l","10","l"
"ADAMA ZINGIS MERO 11,45 l VK-Set",NA,NA,"Preis auf Anfrage",NA,"N/A",NA,NA
"Adhäsit 10 l Kanister",NA,NA,"Preis auf Anfrage",NA,"N/A",NA,NA
"Agria S.A. OMIX DUO 10 l Kanister",NA,NA,"Preis auf Anfrage",NA,"N/A",NA,NA
"Agroclean 1 kg Dose","62.76","kg","62.76/Stück","62.76","1 kg","1","kg"
"Aktuan 5 kg Sack",NA,NA,"Preis auf Anfrage",NA,"N/A",NA,NA
"Albough Barracuda 5 l Kanister",NA,NA,"Preis auf Anfrage",NA,"N/A",NA,NA
"Albough Diagonal 5 l Kanister",NA,NA,"Preis auf Anfrage",NA,"N/A",NA,NA
"ALKIR 1 l Flasche",NA,NA,"Preis auf Anfrage",NA,"N/A",NA,NA
"All Clear Extra 5 l Kanister",NA,NA,"Preis auf Anfrage",NA,"N/A",NA,NA
"Alzchem BREAK-THRU S 301",NA,NA,"ab 809.60/Stück",NA,"N/A",NA,NA
"Alzchem BREAK-THRU® SP 133",NA,NA,"ab 164.30/Stück",NA,"N/A",NA,NA
"AMBARAC 5 l Kanister",NA,NA,"Preis auf Anfrage",NA,"N/A",NA,NA
"amynova polymers GmbH CROPCOVER CC-2000 20 l Kanister","11.62","l","232.40/Kanister","232.40","20 l","20","l"
"Arigo (2023) 2 l VK-Set",NA,NA,"Preis auf Anfrage",NA,"N/A",NA,NA
"Arigo 6 l VK-Set",NA,NA,"Preis auf Anfrage",NA,"N/A",NA,NA
"Artus",NA,NA,"",NA,"N/A",NA,NA
"AURELIA 5 l Kanister",NA,NA,"Preis auf Anfrage",NA,"N/A",NA,NA
"Aurora 500 g Flasche",NA,NA,"Preis auf Anfrage",NA,"N/A",NA,NA
"BASF Architect + Turbo 15 l VK-Set",NA,NA,"Preis auf Anfrage",NA,"N/A",NA,NA
"BASF Balaya",NA,NA,"ab 568.00/Stück",NA,"N/A",NA,NA
"BASF Bellis",NA,NA,"ab 438.00/Stück",NA,"N/A",NA,NA
"BASF Butisan 5 l Kanister",NA,NA,"Preis auf Anfrage",NA,"N/A",NA,NA
"BASF Butisan Kombi 5 l Kanister","30.05","l","150.25/Kanister","150.25","5 l","5","l"
"BASF Cantus",NA,NA,"ab 143.31/Stück",NA,"N/A",NA,NA
"BASF Carax 5 l Kanister","44.26","l","221.30/Stück","221.30","5 l","5","l"
"BASF Clearfield-Clentiga 10 l VK-Set",NA,NA,"Preis auf Anfrage",NA,"N/A",NA,NA
"BASF Collis 5 l Kanister",NA,NA,"Preis auf Anfrage",NA,"N/A",NA,NA
"BASF Dagonis 5 l Kanister",NA,NA,"Preis auf Anfrage",NA,"N/A",NA,NA
"BASF Delan Pro 10 l Kanister",NA,NA,"Preis auf Anfrage",NA,"N/A",NA,NA
"BASF Enervin F 10 l VK-Set",NA,NA,"Preis auf Anfrage",NA,"N/A",NA,NA
"BASF Focus Aktiv 10 l VK-Set",NA,NA,"Preis auf Anfrage",NA,"N/A",NA,NA
"BASF Kumulus WG 25 kg Sack",NA,NA,"Preis auf Anfrage",NA,"N/A",NA,NA
"BASF Medax Top + Turbo 10 l VK-Set",NA,NA,"Preis auf Anfrage",NA,"N/A",NA,NA
"BASF Prodax",NA,NA,"ab 172.89/Stück",NA,"N/A",NA,NA
"BASF Quirinus Forte 10 l VK-Set",NA,NA,"Preis auf Anfrage",NA,"N/A",NA,NA
"BASF Regalis Plus 1,5 kg Kanister","174.60","kg","261.90/Stück","261.90","1.5 kg","1.5","kg"
"BASF Revystar + Priaxor 20 l VK-Set",NA,NA,"Preis auf Anfrage",NA,"N/A",NA,NA
"BASF Revytrex",NA,NA,"ab 551.20/Stück",NA,"N/A",NA,NA
"BASF Revytrex + Comet 20 l VK-Set",NA,NA,"Preis auf Anfrage",NA,"N/A",NA,NA
"BASF Sercadis 1 l Flasche","173.24","l","173.24/Flasche","173.24","1 l","1","l"
"BASF Serifel 0,5 kg Flasche",NA,NA,"Preis auf Anfrage",NA,"N/A",NA,NA
"BASF Signum 5 kg Kanister",NA,NA,"Preis auf Anfrage",NA,"N/A",NA,NA
"BASF Spectrum 5 l Kanister","44.41","l","222.05/Stück","222.05","5 l","5","l"
"BASF Spectrum Gold 10 l Kanister",NA,NA,"Preis auf Anfrage",NA,"N/A",NA,NA
"BASF Spectrum Plus 10 l Kanister",NA,NA,"Preis auf Anfrage",NA,"N/A",NA,NA
"BASF Stomp Aqua 10 l Kanister","25.05","l","250.50/Stück","250.50","10 l","10","l"
"BASF Storm Ultra Happen 3 kg Eimer","23.24","kg","69.72/Eimer","69.72","3 kg","3","kg"
"BASF Storm Ultra Secure 3 kg Eimer",NA,NA,"Preis auf Anfrage",NA,"N/A",NA,NA
"BASF Tanaris 5 l Kanister",NA,NA,"Preis auf Anfrage",NA,"N/A",NA,NA
"BASF Tessior",NA,NA,"ab 17.81/Stück",NA,"N/A",NA,NA
"BASF Vivando 5 l Kanister","106.10","l","530.50/Stück","530.50","5 l","5","l"
"BASF Vizura",NA,NA,"ab 133.60/Stück",NA,"N/A",NA,NA
"Bayer Adengo",NA,NA,"ab 173.38/Flasche",NA,"N/A",NA,NA
"Bayer Agolin Forte 8,7 l VK-Set",NA,NA,"Preis auf Anfrage",NA,"N/A",NA,NA
"Bayer Aliette WG 6 kg Sack",NA,NA,"Preis auf Anfrage",NA,"N/A",NA,NA
"Bayer Artist 5 kg Karton",NA,NA,"Preis auf Anfrage",NA,"N/A",NA,NA
"Bayer Ascra Xpro",NA,NA,"ab 304.70/Kanister",NA,"N/A",NA,NA
"Bayer Atlantis Flex",NA,NA,"",NA,"N/A",NA,NA
"Bayer Attribut 300 g Flasche","664.37","kg","199.31/Stück","199.31","300 g","300","g"
"Bayer Aviator Xpro 5 l Kanister","78.90","l","394.50/Stück","394.50","5 l","5","l"
"Bayer Bandur",NA,NA,"ab 122.70/Stück",NA,"N/A",NA,NA
"Bayer Betanal Tandem Mero 10 l VK-Set",NA,NA,"Preis auf Anfrage",NA,"N/A",NA,NA
"Bayer CCC720 10 l Kanister","5.49","l","54.90/Stück","54.90","10 l","10","l"
"Bayer Cerone 660",NA,NA,"ab 46.79/Stück",NA,"N/A",NA,NA
"Bayer Decis forte",NA,NA,"",NA,"N/A",NA,NA
"Bayer Ecana 5 l Kanister Fungizid gegen pilzliche Krankhetiserreger in Getreide und Winterraps",NA,NA,"Preis auf Anfrage",NA,"N/A",NA,NA
"Bayer Fandango 5 l Kanister",NA,NA,"Preis auf Anfrage",NA,"N/A",NA,NA
"Bayer Flipper 5 l Kanister","12.47","l","62.35/Stück","62.35","5 l","5","l"
"Bayer Folicur",NA,NA,"ab 36.79/Stück",NA,"N/A",NA,NA
"Bayer GramFix 15 l Kanister",NA,NA,"Preis auf Anfrage",NA,"N/A",NA,NA
"Bayer HORIZON 5 l Kanister",NA,NA,"Preis auf Anfrage",NA,"N/A",NA,NA
"Bayer Husar Plus",NA,NA,"",NA,"N/A",NA,NA
"Bayer Incelo Komplett 7 kg VK-Set zur Bekämpfung von Ungräsern/Unkräutern in Winterweizen/Wintertriticale",NA,NA,"Preis auf Anfrage",NA,"N/A",NA,NA
"Bayer Infinito",NA,NA,"",NA,"N/A",NA,NA
"Bayer Input Classic",NA,NA,"ab 250.40/Stück",NA,"N/A",NA,NA
"Bayer Input Triple 5 l Kanister","57.35","l","286.75/Stück","286.75","5 l","5","l"
"Bayer Laudis 5 l Kanister",NA,NA,"Preis auf Anfrage",NA,"N/A",NA,NA
"Bayer Luna Experience",NA,NA,"",NA,"N/A",NA,NA
"Bayer Luna Max",NA,NA,"ab 39.01/Stück",NA,"N/A",NA,NA
"Bayer Luna Sensation",NA,NA,"",NA,"N/A",NA,NA
"Bayer MaisTer power",NA,NA,"ab 562.90/Stück",NA,"N/A",NA,NA
"Bayer MaisTer power Aspect",NA,NA,"",NA,"N/A",NA,NA
"Bayer Melody Combi 6 kg Sack",NA,NA,"Preis auf Anfrage",NA,"N/A",NA,NA
"Bayer Previcur Energy 1 l Flasche","86.66","l","86.66/Stück","86.66","1 l","1","l"
"Bayer Profiler 6 kg Sack",NA,NA,"Preis auf Anfrage",NA,"N/A",NA,NA
"Bayer Propulse 5 l Kanister",NA,NA,"Preis auf Anfrage",NA,"N/A",NA,NA
"Bayer Prosaro",NA,NA,"",NA,"N/A",NA,NA
"Bayer Prosper TEC",NA,NA,"ab 123.80/Kanister",NA,"N/A",NA,NA
"Bayer Roundup PowerFlex 1 l Kanister",NA,NA,"Preis auf Anfrage",NA,"N/A",NA,NA
"Bayer Roundup REKORD 10 kg Sack","18.60","kg","186.00/Stück","186.00","10 kg","10","kg"
"Bayer Serenade ASO 5 l Kanister",NA,NA,"Preis auf Anfrage",NA,"N/A",NA,NA
"Bayer Sivanto Prime 1 l Kanister","106.71","l","106.71/Stück","106.71","1 l","1","l"
"Bayer Skyway Xpro",NA,NA,"ab 332.00/Stück",NA,"N/A",NA,NA
"Bayer Tilmor 5 l Kanister","37.54","l","187.70/Stück","187.70","5 l","5","l"
"Bayer Tramat 500 5 l Kanister","26.67","l","133.35/Stück","133.35","5 l","5","l"
"BayWa Bodenproben Serviceleistung",NA,NA,"Preis auf Anfrage",NA,"N/A",NA,NA
"BeFlex",NA,NA,"ab 69.75/Stück",NA,"N/A",NA,NA
"Belchim 1,4SIGHT 10 l Kanister","305.13","l","3,051.30/Kanister","3,051.30","10 l","10","l"
"Belchim Botiga 5 l Kanister","45.71","l","228.55/Stück","228.55","5 l","5","l"
"Belchim Himalaya 60 SG 5 kg Kanister",NA,NA,"Preis auf Anfrage",NA,"N/A",NA,NA
"Belchim Lentagran WP 1 kg Sack",NA,NA,"Preis auf Anfrage",NA,"N/A",NA,NA
"Belchim Maxcel 5 l Kanister",NA,NA,"Preis auf Anfrage",NA,"N/A",NA,NA
"Belchim Metarex Inov 20 kg Sack","6.53","kg","130.60/Stück","130.60","20 kg","20","kg"
"Belchim Motivell forte 5 l Kanister",NA,NA,"Preis auf Anfrage",NA,"N/A",NA,NA
"Belchim Promalin 500 ml Flasche",NA,NA,"Preis auf Anfrage",NA,"N/A",NA,NA
"Belchim Proman 5 l Kanister",NA,NA,"Preis auf Anfrage",NA,"N/A",NA,NA
"Belchim Quickdown",NA,NA,"",NA,"N/A",NA,NA
"Belchim Ranman Top",NA,NA,"",NA,"N/A",NA,NA
"Belchim Sinopia 10 l Kanister",NA,NA,"Preis auf Anfrage",NA,"N/A",NA,NA
"Belchim Voyager 5 l Kanister",NA,NA,"Preis auf Anfrage",NA,"N/A",NA,NA
"Belchim Zenby Flex 10 l VK-Set",NA,NA,"Preis auf Anfrage",NA,"N/A",NA,NA
"Belkar",NA,NA,"ab 178.58/Stück",NA,"N/A",NA,NA
"Belkar Power",NA,NA,"",NA,"N/A",NA,NA
"Beloukha  Kanister",NA,NA,"ab 246.60/Kanister",NA,"N/A",NA,NA
"Benevia 1 l Kanister zur Bekämpfung des Kartoffelkäfers",NA,NA,"Preis auf Anfrage",NA,"N/A",NA,NA
"BIOFA AminoVital Pflanzenstärkungsmittel zur schnellen Versorgung mit Aminosäuren 20 l Kanister  flüssig",NA,NA,"Preis auf Anfrage",NA,"N/A",NA,NA
"BIOFA Blossom Protect 1,5 kg Kanister","83.54","kg","125.31/Stück","125.31","1.5 kg","1.5","kg"
"BIOFA Buffer Protect NT 6 kg Sack","11.96","kg","71.76/Stück","71.76","6 kg","6","kg"
"BIOFA Cocana 25 l Kanister Netz- und Haftmittel","5.26","l","131.44/Stück","131.44","25 l","25","l"
"BIOFA Cuproxat 10 l Kanister Fungizid gegen Falschen Mehltau","118.40","l","118.40/Stück","118.40","10 l","10","l"
"BIOFA CURATIO 20 l Kanister Fungizid gegen Schorf u.a. Schaderreger (Notfallzulassung beachten)","4.14","l","82.70/Stück","82.70","20 l","20","l"
"BIOFA CutiSan Pflanzenstärkungsmittel auf Basis von Kaolin 25 kg Sack  Pulver","2.40","kg","60.04/Sack","60.04","N/A",NA,NA
"BIOFA Equisetum Plus Pflanzenstärkungsmittel auf Basis von Ackerschachtelhalm 25 l Kanister  flüssig","9.47","l","236.81/Stück","236.81","N/A",NA,NA
"BIOFA Foray ES 10 l Kanister Biozid gegen Eichenprozessionsspinner",NA,NA,"Preis auf Anfrage",NA,"N/A",NA,NA
"BIOFA Gnatrol SC 10 l Kanister Insektizid gegen Trauermücken","35.58","l","355.81/Stück","355.81","10 l","10","l"
"BIOFA Madex MAX   Insektizid gegen Apfelwicklerlarven",NA,NA,"ab 85.41/Stück",NA,"N/A",NA,NA
"BIOFA Madex Top 500 ml Flasche","909.76","l","454.88/Stück","454.88","500 ml","500","ml"
"BIOFA Micula 10 l Kanister Insektizid gegen saugende Insekten und Milben","9.96","l","99.60/Stück","99.60","10 l","10","l"
"BIOFA Naturalis 1 l Flasche Insektizid gegen Weiße Fliege und Thripse","62.18","l","62.18/Stück","62.18","1 l","1","l"
"BIOFA NeemAzal-T/S  Kanister Teilsystemisches Insektizid gegen Saugende, Beißende und blattminierende Insekten",NA,NA,"ab 121.13/Stück",NA,"N/A",NA,NA
"BIOFA PIRETRO VERDE 1 l Flasche Insektizid gegen Blattläuse, Schildläuse und weitere Schadinsekten","63.83","l","63.83/Stück","63.83","1 l","1","l"
"BIOFA PottaSol® Pflanzenstärkungsmittel 20 l Kanister  flüssig",NA,NA,"Preis auf Anfrage",NA,"N/A",NA,NA
"BIOFA PRESTOP 1 kg Beutel Fungizid gegen Fusarium, Bortytis und weitere Schadpilze","65.75","kg","65.75/Stück","65.75","1 kg","1","kg"
"BIOFA PREV-AM   Insekitizid gegen Weiße Fliege und andere Schadinsekten",NA,NA,"ab 166.39/Stück",NA,"N/A",NA,NA
"BIOFA ProFital fluid   Netz- und Haftmittel",NA,NA,"ab 69.77/Stück",NA,"N/A",NA,NA
"BIOFA Verduca 1 l Flasche Lockstoff für Thripse, Zusatzstoff","20.79","l","20.79/Stück","20.79","1 l","1","l"
"BIOFA VitiSan   Fungizid gegen Echten Mehltau, Schorf, Botrytis und weitere Pilzerkrankungen",NA,NA,"ab 44.03/Stück",NA,"N/A",NA,NA
"BIOFA XenTari 500 g Dose Insektizid gegen Kohlweißling, Kleiner Frostspanner & weitere Schadinsekten","66.02","kg","33.01/Stück","33.01","500 g","500","g"
"BIOFA Zentero SPR   biologisches Netz- und Haftmittel",NA,NA,"ab 22.13/Stück",NA,"N/A",NA,NA
"Border 5 l Kanister",NA,NA,"Preis auf Anfrage",NA,"N/A",NA,NA
"Brumolin Forte 3 kg Eimer zur Ratten- und Mäusebekämpfung","26.17","kg","78.51/Stück","78.51","3 kg","3","kg"
"Butisan Top 5 l Kanister",NA,NA,"Preis auf Anfrage",NA,"N/A",NA,NA
"Calma 5 l Kanister","32.90","l","164.50/Stück","164.50","5 l","5","l"
"Cameo SX",NA,NA,"",NA,"N/A",NA,NA
"Camposan Top 5 l Kanister","33.13","l","165.65/Stück","165.65","5 l","5","l"
"Cato (Komp. A + Vivolt)",NA,NA,"",NA,"N/A",NA,NA
"Centium 36 CS",NA,NA,"",NA,"N/A",NA,NA
"CERTIS Belchim Basamid Granulat 20 kg Sack","13.20","kg","264.00/Stück","264.00","20 kg","20","kg"
"CERTIS Belchim Cuprozin progress 5 l Kanister","43.15","l","215.75/Stück","215.75","5 l","5","l"
"CERTIS Belchim Eradicoat Max 10 l Kanister",NA,NA,"Preis auf Anfrage",NA,"N/A",NA,NA
"CERTIS Belchim Floramite 240 SC 1 l Flasche",NA,NA,"Preis auf Anfrage",NA,"N/A",NA,NA
"CERTIS Belchim Flowbrix 5 l Kanister",NA,NA,"Preis auf Anfrage",NA,"N/A",NA,NA
"CERTIS Belchim Kumar 10 kg Sack","20.37","kg","203.70/Stück","203.70","10 kg","10","kg"
"CERTIS Belchim Netzschwefel Stulln 25 kg Sack",NA,NA,"Preis auf Anfrage",NA,"N/A",NA,NA
"CERTIS Belchim Neudosan Neu 10 l Kanister","10.98","l","109.80/Stück","109.80","10 l","10","l"
"CERTIS Belchim Sluxx HP 20 kg Sack",NA,NA,"Preis auf Anfrage",NA,"N/A",NA,NA
"CERTIS Frutogard 10 l Kanister","17.16","l","171.60/Stück","171.60","10 l","10","l"
"CERTIS Funguran progress",NA,NA,"ab 60.10/Stück",NA,"N/A",NA,NA
"CERTIS Kantaro 200 l Fass",NA,NA,"Preis auf Anfrage",NA,"N/A",NA,NA
"CERTIS Karibu 5 l Kanister",NA,NA,"Preis auf Anfrage",NA,"N/A",NA,NA
"CERTIS LATITUDE XL 20 l Kanister",NA,NA,"Preis auf Anfrage",NA,"N/A",NA,NA
"CERTIS Mimic 1 l Flasche","85.36","l","85.36/Stück","85.36","1 l","1","l"
"CERTIS proagro-Schaumfrei 1 l Flasche",NA,NA,"Preis auf Anfrage",NA,"N/A",NA,NA
"CERTIS Promanal HP",NA,NA,"",NA,"N/A",NA,NA
"CERTIS Supporter 3 l Kanister",NA,NA,"Preis auf Anfrage",NA,"N/A",NA,NA
"CERTIS Trebon 30 EC",NA,NA,"ab 88.88/Stück",NA,"N/A",NA,NA
"CERTIS Vegas Plus",NA,NA,"ab 452.70/Stück",NA,"N/A",NA,NA
"Cheminova Grifon SC 5 l Kanister",NA,NA,"Preis auf Anfrage",NA,"N/A",NA,NA
"Cheminova Terminus 5 l Kanister","35.80","l","179.00/Stück","179.00","5 l","5","l"
"COMPO EXPERT NutriSeed®  10 l Kanister  flüssig",NA,NA,"Preis auf Anfrage",NA,"N/A",NA,NA
"Concert SX",NA,NA,"ab 67.08/Stück",NA,"N/A",NA,NA
"Coragen   Insektizid zur Bekämpfung von Rapsglanzkäfern in Raps und Maiszünsler in Mais",NA,NA,"ab 176.60/Stück",NA,"N/A",NA,NA
"CORTEVA Ariane C",NA,NA,"",NA,"N/A",NA,NA
"CORTEVA Broadway",NA,NA,"",NA,"N/A",NA,NA
"CORTEVA Broadway Plus",NA,NA,"",NA,"N/A",NA,NA
"CORTEVA Cleanshot 500 g Flasche","235.62","l","117.81/Stück","117.81","500 g","500","g"
"CORTEVA CURZATE 60WG 1,5 kg Sack",NA,NA,"Preis auf Anfrage",NA,"N/A",NA,NA
"CORTEVA Garlon 500 ml Flasche",NA,NA,"Preis auf Anfrage",NA,"N/A",NA,NA
"CORTEVA Lontrel 600",NA,NA,"",NA,"N/A",NA,NA
"CORTEVA Lontrel 720 SG 1 kg Flasche",NA,NA,"Preis auf Anfrage",NA,"N/A",NA,NA
"CORTEVA Pixxaro EC",NA,NA,"ab 119.72/Kanister",NA,"N/A",NA,NA
"CORTEVA Primus Perfect",NA,NA,"ab 166.24/Stück",NA,"N/A",NA,NA
"CORTEVA PRINCIPAL PLUS",NA,NA,"",NA,"N/A",NA,NA
"CORTEVA Schaumstopp 500 ml Flasche","110.14","l","55.07/Stück","55.07","500 ml","500","ml"
"CORTEVA SpinTor 480 SC",NA,NA,"ab 114.96/Stück",NA,"N/A",NA,NA
"CORTEVA SpinTor 500 ml Flasche",NA,NA,"Preis auf Anfrage",NA,"N/A",NA,NA
"CORTEVA Starane XL 5 l Kanister","21.34","l","106.70/Stück","106.70","5 l","5","l"
"CORTEVA Talius Pro 5 l Kanister","49.66","l","248.30/Stück","248.30","5 l","5","l"
"CORTEVA Univoq 5 l Kanister","44.18","l","220.90/Stück","220.90","5 l","5","l"
"CORTEVA Utrisha N",NA,NA,"ab 116.92/Stück",NA,"N/A",NA,NA
"CORTEVA Verben 5 l Kanister","49.66","l","248.30/Stück","248.30","5 l","5","l"
"CORTEVA Viper Compact",NA,NA,"ab 162.85/Stück",NA,"N/A",NA,NA
"CORTEVA Viper Compact SUNFIRE 20 l VK-Set",NA,NA,"Preis auf Anfrage",NA,"N/A",NA,NA
"CORTEVA Vivolt 5 l Kanister","19.06","l","95.30/Stück","95.30","5 l","5","l"
"CORTEVA Zypar",NA,NA,"ab 179.55/Kanister",NA,"N/A",NA,NA
"Countdown NT",NA,NA,"ab 48.36/Stück",NA,"N/A",NA,NA
"Delicia Schnecken-Linsen 25 kg Sack","6.53","kg","163.25/Stück","163.25","25 kg","25","kg"
"DICOPUR M 10 l Kanister","12.30","l","123.00/Stück","123.00","10 l","10","l"
"Diniro 9,6 l VK-Set",NA,NA,"Preis auf Anfrage",NA,"N/A",NA,NA
"DiPel DF 1 kg Sack","65.35","kg","65.35/Stück","65.35","1 kg","1","kg"
"DIRIGENT SX",NA,NA,"ab 148.24/Stück",NA,"N/A",NA,NA
"Domark 10 EC 5 l Kanister",NA,NA,"Preis auf Anfrage",NA,"N/A",NA,NA
"Drohneneinsatz   zur Maiszünslerbekämpfung",NA,NA,"",NA,"N/A",NA,NA
"Effigo",NA,NA,"ab 847.20/Stück",NA,"N/A",NA,NA
"Envu Dedevap plus 0,5 l Dose","149.94","l","74.97/Flasche","74.97","0.5 l","0.5","l"
"Envu K-Obiol EC25 1 l Flasche","82.49","l","82.49/Stück","82.49","1 l","1","l"
"Exirel 1 l Flasche","236.71","l","236.71/Stück","236.71","1 l","1","l"
"Fazor",NA,NA,"",NA,"N/A",NA,NA
"Finalsan",NA,NA,"ab 90.70/Stück",NA,"N/A",NA,NA
"Finalsan Plus",NA,NA,"ab 128.40/Stück",NA,"N/A",NA,NA
"FLEXIDOR 1 l Flasche","298.06","l","298.06/Stück","298.06","1 l","1","l"
"frunol delica® Ratron Gift-Linsen",NA,NA,"",NA,"N/A",NA,NA
"frunol delica® Ratron Giftweizen   zur Feldmausbekämpfung",NA,NA,"",NA,"N/A",NA,NA
"frunol delica® Ratron Schermaus-Sticks 2,5 kg Eimer","36.03","kg","90.08/Stück","90.08","2.5 kg","2.5","kg"
"FUSILADE MAX",NA,NA,"",NA,"N/A",NA,NA
"Gajus 10 l Kanister","23.67","l","236.70/Kanister","236.70","10 l","10","l"
"Gamit 36 AMT",NA,NA,"ab 1,060.30/Stück",NA,"N/A",NA,NA
"Gibb 3 10 St. Karton",NA,NA,"81.61/Stück","81.61","10 St.","10","St."
"GIBB PLUS 1 l Flasche",NA,NA,"Preis auf Anfrage",NA,"N/A",NA,NA
"Haksar Ultra 260 EW 10 l Kanister",NA,NA,"Preis auf Anfrage",NA,"N/A",NA,NA
"Harmony SX 90 g Flasche","1,762.22","kg","158.60/Stück","158.60","90 g","90","g"
"ICL Benetzungsmittel H2Gro®  10 l Kanister",NA,NA,"Preis auf Anfrage",NA,"N/A",NA,NA
"Ikanos 5 l Kanister",NA,NA,"Preis auf Anfrage",NA,"N/A",NA,NA
"INNOProtect Boxer & Sempra 16 l VK-Set",NA,NA,"Preis auf Anfrage",NA,"N/A",NA,NA
"INNOProtect InnoProtect Artus + InnoProtect Primus 1,5 l VK-Set",NA,NA,"Preis auf Anfrage",NA,"N/A",NA,NA
"INNOProtect Mais Duo 2.0 9 l VK-Set",NA,NA,"Preis auf Anfrage",NA,"N/A",NA,NA
"INNOProtect Schneckenkorn 20 kg Sack","5.26","kg","105.20/Stück","105.20","20 kg","20","kg"
"InnoProtect Schneckenkorn E III P 20 kg Sack",NA,NA,"Preis auf Anfrage",NA,"N/A",NA,NA
"INNOProtect Senior komplett 11 l VK-Set",NA,NA,"Preis auf Anfrage",NA,"N/A",NA,NA
"Intrachem Bio Deutschland NU-FILM®-P  10 l Kanister  flüssig","42.31","l","423.07/Stück","423.07","N/A",NA,NA
"Intrachem Bio Deutschland Romeo 1 kg Dose","167.22","kg","167.22/Stück","167.22","1 kg","1","kg"
"Intrachem Bio Deutschland Tmix plus®  1 kg Beutel  Pulver","116.61","kg","116.61/Stück","116.61","N/A",NA,NA
"Jordi 5 l Kanister","58.57","l","292.85/Stück","292.85","5 l","5","l"
"Jura 10 l Kanister",NA,NA,"Preis auf Anfrage",NA,"N/A",NA,NA
"Kanemite SC",NA,NA,"",NA,"N/A",NA,NA
"KANTOR 5 l Kanister","40.70","l","203.50/Stück","203.50","5 l","5","l"
"KAROLUS WR 5 l Kanister","27.93","l","139.65/Kanister","139.65","5 l","5","l"
"Katana",NA,NA,"ab 183.90/Stück",NA,"N/A",NA,NA
"Katoun Gold 5 l Kanister",NA,NA,"Preis auf Anfrage",NA,"N/A",NA,NA
"Kenja 5 l Kanister","141.69","l","708.45/Kanister","708.45","5 l","5","l"
"Kerb FLO",NA,NA,"ab 146.65/Stück",NA,"N/A",NA,NA
"KINVARA 10 l Kanister",NA,NA,"Preis auf Anfrage",NA,"N/A",NA,NA
"Kiron",NA,NA,"",NA,"N/A",NA,NA
"KOPPERT Panoramix Maize",NA,NA,"Preis auf Anfrage",NA,"N/A",NA,NA
"KORVETTO 5 l Kanister","55.07","l","275.35/Stück","275.35","5 l","5","l"
"Kusabi",NA,NA,"ab 474.45/Stück",NA,"N/A",NA,NA
"Lagererzwespen gegen Brot- und Getreideschädlinge mind. 40 Tiere",NA,NA,"42.07/Stück","42.07","N/A",NA,NA
"Landor CT",NA,NA,"ab 517.80/Stück",NA,"N/A",NA,NA
"Lupus SX Mais 150 g Flasche",NA,NA,"Preis auf Anfrage",NA,"N/A",NA,NA
"Mehlmottenschlupfwespe gegen Mehlmotten, Speichermotten und Dörrobstmotten mind. 30 Tiere",NA,NA,"21.24/Stück","21.24","N/A",NA,NA
"Merpan 48 SC 5 l Kanister",NA,NA,"Preis auf Anfrage",NA,"N/A",NA,NA
"microsol-bio-autofog 500 ml Dose","116.10","l","58.05/Stück","58.05","500 ml","500","ml"
"microsol-pyrho SP-autofog 750 ml Dose","108.81","l","81.61/Stück","81.61","750 ml","750","ml"
"Milbeknock Top",NA,NA,"",NA,"N/A",NA,NA
"Mildicut 10 l Kanister","14.84","l","148.40/Stück","148.40","10 l","10","l"
"Milestone 10 l Kanister","45.11","l","451.10/Stück","451.10","10 l","10","l"
"Mospilan SG   Insektizid gegen Blattläuse und Weiße Fliege im Gemüse-, Obst-, Zierpflanzen- und Ackerbau",NA,NA,"ab 533.85/Stück",NA,"N/A",NA,NA
"MuscaMorte Güllefliegen  100 qm Stallfläche",NA,NA,"22.19/Stück","22.19","N/A",NA,NA
"MuscaMorte Schlupfwespen",NA,NA,"ab 22.55/Stück",NA,"N/A",NA,NA
"Nexide",NA,NA,"ab 391.70/Stück",NA,"N/A",NA,NA
"NIANTIC 7,5 l VK-Set",NA,NA,"Preis auf Anfrage",NA,"N/A",NA,NA
"Novitron DamTec 12 kg Kanister","47.73","kg","572.76/Stück","572.76","12 kg","12","kg"
"Nufarm Alliance",NA,NA,"ab 700.85/Stück",NA,"N/A",NA,NA
"Nufarm Azbany 5 l Kanister",NA,NA,"Preis auf Anfrage",NA,"N/A",NA,NA
"Nufarm Carmina 640 10 l Kanister","21.04","l","210.40/Stück","210.40","10 l","10","l"
"Nufarm Carmina Complett 10,434 l VK-Set",NA,NA,"Preis auf Anfrage",NA,"N/A",NA,NA
"Nufarm Carnadine 200 1 l Flasche",NA,NA,"Preis auf Anfrage",NA,"N/A",NA,NA
"Nufarm CTU 700 10 l Kanister",NA,NA,"Preis auf Anfrage",NA,"N/A",NA,NA
"Nufarm Duplosan DP 10 l Kanister","23.75","l","237.50/Stück","237.50","10 l","10","l"
"Nufarm Duplosan Super 10 l Kanister",NA,NA,"Preis auf Anfrage",NA,"N/A",NA,NA
"Nufarm Kyleo",NA,NA,"ab 92.95/Kanister",NA,"N/A",NA,NA
"Nufarm Nando 500 SC 5 l Kanister","36.52","l","182.60/Stück","182.60","5 l","5","l"
"Nufarm Orius 10 l Kanister","13.68","l","136.80/Stück","136.80","10 l","10","l"
"Nufarm Saracen",NA,NA,"ab 98.27/Stück",NA,"N/A",NA,NA
"Nufarm Saracen Delta 1 l Flasche",NA,NA,"Preis auf Anfrage",NA,"N/A",NA,NA
"Nufarm Soleil 5 l Kanister","29.94","l","149.70/Kanister","149.70","5 l","5","l"
"Nufarm Troid",NA,NA,"ab 121.44/Stück",NA,"N/A",NA,NA
"Nufarm U 46 M-Fluid",NA,NA,"ab 21.13/Stück",NA,"N/A",NA,NA
"Ordoval 1 l Flasche",NA,NA,"Preis auf Anfrage",NA,"N/A",NA,NA
"Oscorna® Orus Pflanzenaktiv Pflanzenhilfsmittel mit NPK 1,2+0,5+0,8 zur Gesundung und Pflege der Blumen, Nadel- und Ziergehölze",NA,NA,"ab 21.99/Stück",NA,"N/A",NA,NA
"Para Sommer 10 l Kanister",NA,NA,"Preis auf Anfrage",NA,"N/A",NA,NA
"Plantan Fixor 100 SL 500 ml Flasche",NA,NA,"Preis auf Anfrage",NA,"N/A",NA,NA
"Plantan GLOBARYLL 100 1 l Flasche","190.72","l","190.72/Stück","190.72","1 l","1","l"
"Plantan MOXA 5 l Kanister","31.15","l","155.75/Stück","155.75","5 l","5","l"
"Plantan Tebucur 250 EW 5 l Kanister","14.27","l","71.35/Stück","71.35","5 l","5","l"
"PLATO",NA,NA,"ab 98.08/Stück",NA,"N/A",NA,NA
"Pointer Plus",NA,NA,"",NA,"N/A",NA,NA
"Pointer SX",NA,NA,"ab 538.67/Stück",NA,"N/A",NA,NA
"proagro-Netzmittel",NA,NA,"ab 172.95/Kanister",NA,"N/A",NA,NA
"Promos®Z  250 ml Flasche  flüssig","151.84","l","37.96/Stück","37.96","N/A",NA,NA
"ProNet-Alfa 10 l Kanister",NA,NA,"Preis auf Anfrage",NA,"N/A",NA,NA
"Proplant 5 l Kanister","59.44","l","297.20/Stück","297.20","5 l","5","l"
"QUANTUM 10 l Kanister","33.74","l","337.40/Stück","337.40","10 l","10","l"
"Ranger",NA,NA,"ab 131.02/Stück",NA,"N/A",NA,NA
"Rapsan 500 SC 5 l Kanister","27.45","l","137.25/Stück","137.25","5 l","5","l"
"Rodilon Paste 3 kg Eimer zur Ratten- und Mäusebekämpfung","35.51","kg","106.53/Stück","106.53","3 kg","3","kg"
"Runway",NA,NA,"ab 83.35/Stück",NA,"N/A",NA,NA
"Runway VA 1 l Flasche","133.30","l","133.30/Stück","133.30","1 l","1","l"
"Sarumo 5 l Kanister",NA,NA,"Preis auf Anfrage",NA,"N/A",NA,NA
"Schacht Baumwachs Brunonia  250 g Dose  Paste","93.27","kg","13.99/Stück","13.99","N/A",NA,NA
"Schacht Baumwachs Sprüh-Verband  200 ml Dose  flüssig","74.95","l","14.99/Stück","14.99","N/A",NA,NA
"Schacht Weißanstrich für Obstbäume zur Pflege der Rindeals Schutz gegen Frostrisse und Hitze 1 kg Packung  Pulver","9.99","kg","9.99/Stück","9.99","N/A",NA,NA
"Schlupfwespe gegen Motten im Getreidelager und im Haushalt 3.000 schlupfbereite Puppen auf einem Kärtchen",NA,NA,"8.03/Stück","8.03","N/A",NA,NA
"SEMPRA",NA,NA,"ab 37.01/Stück",NA,"N/A",NA,NA
"Shark",NA,NA,"ab 80.49/Stück",NA,"N/A",NA,NA
"Shock DOWN EC 5 l Kanister","40.38","l","201.90/Stück","201.90","5 l","5","l"
"Shorttrack 2,5 kg Sack",NA,NA,"Preis auf Anfrage",NA,"N/A",NA,NA
"Silwet Gold",NA,NA,"",NA,"N/A",NA,NA
"Simplex",NA,NA,"ab 84.24/Stück",NA,"N/A",NA,NA
"SKW  PIADIN®",NA,NA,"",NA,"N/A",NA,NA
"Spray Plus 5 l Kanister","25.85","l","129.25/Stück","129.25","5 l","5","l"
"Spruzit Neu   Insektizid gegen saugende u. beißende Insekten u. Spinnmilben im Gemüse, Obst- u. Zierpflanzenbau",NA,NA,"ab 120.50/Flasche",NA,"N/A",NA,NA
"Squall 10 l Kanister",NA,NA,"Preis auf Anfrage",NA,"N/A",NA,NA
"STABILAN 720",NA,NA,"",NA,"N/A",NA,NA
"Stemat 5 l Kanister","27.49","l","137.45/Kanister","137.45","5 l","5","l"
"Stretch 5 l Kanister",NA,NA,"Preis auf Anfrage",NA,"N/A",NA,NA
"Successor T 10 l Kanister",NA,NA,"Preis auf Anfrage",NA,"N/A",NA,NA
"SulfoLiq 800 SC 10 l Kanister Fungizid gegen Echten Mehltau","5.80","l","58.00/Stück","58.00","10 l","10","l"
"Sumicidin Alpha EC 5 l Kanister",NA,NA,"Preis auf Anfrage",NA,"N/A",NA,NA
"Syngenta AcuCel 10 l Kanister","5.52","l","55.20/Stück","55.20","10 l","10","l"
"Syngenta AMISTAR GOLD + Pecari 15 l VK-Set",NA,NA,"Preis auf Anfrage",NA,"N/A",NA,NA
"Syngenta AMISTAR GOLD 5 l Kanister","29.00","l","145.00/Kanister","145.00","5 l","5","l"
"Syngenta ASKON 5 l Kanister",NA,NA,"Preis auf Anfrage",NA,"N/A",NA,NA
"Syngenta AVOXA",NA,NA,"ab 199.10/Stück",NA,"N/A",NA,NA
"Syngenta AXIAL 50",NA,NA,"ab 61.14/Stück",NA,"N/A",NA,NA
"Syngenta AXIAL KOMPLETT 5 l Kanister",NA,NA,"Preis auf Anfrage",NA,"N/A",NA,NA
"Syngenta BONZI 1 l Flasche","134.15","l","134.15/Stück","134.15","1 l","1","l"
"Syngenta BOXER",NA,NA,"ab 48.10/Kanister",NA,"N/A",NA,NA
"Syngenta CALARIS",NA,NA,"ab 172.35/Stück",NA,"N/A",NA,NA
"Syngenta CALLISTO",NA,NA,"ab 100.55/Stück",NA,"N/A",NA,NA
"Syngenta CALLISTO P 5,1 l VK-Set",NA,NA,"Preis auf Anfrage",NA,"N/A",NA,NA
"Syngenta CARIAL FLEX",NA,NA,"ab 695.90/Stück",NA,"N/A",NA,NA
"Syngenta DYNALI",NA,NA,"ab 58.12/Stück",NA,"N/A",NA,NA
"Syngenta ELATUS ERA",NA,NA,"ab 353.45/Stück",NA,"N/A",NA,NA
"Syngenta ELATUS ERA FOLPAN 12,5 l VK-Set",NA,NA,"Preis auf Anfrage",NA,"N/A",NA,NA
"Syngenta ELATUS ERA SYMPARA",NA,NA,"",NA,"N/A",NA,NA
"Syngenta ELUMIS P 5,08 l VK-Set",NA,NA,"Preis auf Anfrage",NA,"N/A",NA,NA
"Syngenta ELUMIS TRIUMPH 15 l VK-Set",NA,NA,"Preis auf Anfrage",NA,"N/A",NA,NA
"Syngenta EVURE 5 l Kanister","70.86","l","354.30/Kanister","354.30","5 l","5","l"
"Syngenta FYTOSAVE 5 l Kanister","24.56","l","122.80/Stück","122.80","5 l","5","l"
"Syngenta GEOXE",NA,NA,"ab 164.61/Stück",NA,"N/A",NA,NA
"Syngenta KARATE FORST flüssig 1 l Flasche","182.18","l","182.18/Stück","182.18","1 l","1","l"
"Syngenta KARATE ZEON",NA,NA,"ab 137.97/Stück",NA,"N/A",NA,NA
"Syngenta KAYAK 5 l Kanister",NA,NA,"Preis auf Anfrage",NA,"N/A",NA,NA
"Syngenta Mainspring 200 g Karton",NA,NA,"Preis auf Anfrage",NA,"N/A",NA,NA
"Syngenta MAIS-BANVEL WG 1 kg Eimer",NA,NA,"Preis auf Anfrage",NA,"N/A",NA,NA
"Syngenta MERISTO 5 l Kanister",NA,NA,"Preis auf Anfrage",NA,"N/A",NA,NA
"Syngenta Minecto One 800 g Flasche",NA,NA,"Preis auf Anfrage",NA,"N/A",NA,NA
"Syngenta MODDUS (UN1993)",NA,NA,"ab 61.18/Stück",NA,"N/A",NA,NA
"Syngenta ORTIVA",NA,NA,"",NA,"N/A",NA,NA
"Syngenta PEAK 80 g Flasche",NA,NA,"Preis auf Anfrage",NA,"N/A",NA,NA
"Syngenta QUANTIS 10 l Kanister","16.89","l","168.90/Kanister","168.90","10 l","10","l"
"Syngenta REVUS",NA,NA,"ab 287.50/Stück",NA,"N/A",NA,NA
"Syngenta REVUS TOP",NA,NA,"ab 365.45/Stück",NA,"N/A",NA,NA
"Syngenta SERENVA 5 kg Kanister","140.27","kg","701.35/Stück","701.35","5 kg","5","kg"
"Syngenta SWITCH",NA,NA,"",NA,"N/A",NA,NA
"Syngenta THIOVIT JET 25 kg Sack",NA,NA,"Preis auf Anfrage",NA,"N/A",NA,NA
"Syngenta TOPAS",NA,NA,"ab 220.35/Stück",NA,"N/A",NA,NA
"Syngenta TRAXOS 5 l Kanister",NA,NA,"Preis auf Anfrage",NA,"N/A",NA,NA
"Syngenta TRESO 5 kg Sack",NA,NA,"Preis auf Anfrage",NA,"N/A",NA,NA
"Syngenta Unix Pro 10 l VK-Set breit wirksames Fungizid in Getreide",NA,NA,"Preis auf Anfrage",NA,"N/A",NA,NA
"Syngenta VIBRANCE TRIO",NA,NA,"ab 2,153.50/Kanister",NA,"N/A",NA,NA
"Syngenta ZINTAN SAPHIR 15 l VK-Set",NA,NA,"Preis auf Anfrage",NA,"N/A",NA,NA
"Talendo 1 l Kanister",NA,NA,"Preis auf Anfrage",NA,"N/A",NA,NA
"Talendo Extra 1 l Kanister","113.31","l","113.31/Stück","113.31","1 l","1","l"
"Targa Super 10 l Kanister","13.80","l","138.00/Stück","138.00","10 l","10","l"
"Task",NA,NA,"",NA,"N/A",NA,NA
"Teppeki",NA,NA,"",NA,"N/A",NA,NA
"TRACIAFIN 5 l Kanister",NA,NA,"Preis auf Anfrage",NA,"N/A",NA,NA
"Tricho Optibox",NA,NA,"",NA,"N/A",NA,NA
"Trichocap plus  Schlupfwespen zur Maiszünslerbekämpfung, T8800/220 1x25 Rähmchen (220.000 T/ha)",NA,NA,"Preis auf Anfrage",NA,"N/A",NA,NA
"Tricholine Kugeln",NA,NA,"ab 62.24/HA",NA,"N/A",NA,NA
"Trico 10 l Kanister","15.21","l","152.10/Stück","152.10","10 l","10","l"
"UPL BETASANA PERFEKT 20 l VK-Set",NA,NA,"Preis auf Anfrage",NA,"N/A",NA,NA
"UPL BETASANA SC 5 l Kanister",NA,NA,"Preis auf Anfrage",NA,"N/A",NA,NA
"UPL Chamane 5 l Kanister",NA,NA,"Preis auf Anfrage",NA,"N/A",NA,NA
"UPL METAFOL SC 5 l Kanister","21.49","l","107.45/Stück","107.45","5 l","5","l"
"UPL MICROTHIOL S 20 kg Sack",NA,NA,"Preis auf Anfrage",NA,"N/A",NA,NA
"UPL MICROTHIOL WG 25 kg Sack",NA,NA,"Preis auf Anfrage",NA,"N/A",NA,NA
"UPL Oblix 5 l Kanister",NA,NA,"Preis auf Anfrage",NA,"N/A",NA,NA
"UPL Panarex 5 l Kanister",NA,NA,"Preis auf Anfrage",NA,"N/A",NA,NA
"UPL REMOCCO 60 5 l Kanister Fungizid n Getreide und Raps",NA,NA,"Preis auf Anfrage",NA,"N/A",NA,NA
"UPL Select 240 EC",NA,NA,"",NA,"N/A",NA,NA
"UPL TOKYO 5 l Kanister",NA,NA,"Preis auf Anfrage",NA,"N/A",NA,NA
"UPL TOKYO REMOCCO 15 l VK-Set",NA,NA,"Preis auf Anfrage",NA,"N/A",NA,NA
"UPL VIVENDI 100 5 l Kanister","40.20","l","201.00/Stück","201.00","5 l","5","l"
"Vastimo 10 l Kanister","46.84","l","468.40/Stück","468.40","10 l","10","l"
"Venzar 500SC",NA,NA,"ab 271.75/Stück",NA,"N/A",NA,NA
"Videryo F 5 l Kanister","23.94","l","119.70/Kanister","119.70","5 l","5","l"
"WUXAL® Mobil   Spurennährstoff-Suspension mit Stickstoff zur Nährstoffbeizung",NA,NA,"",NA,"N/A",NA,NA
"Zorvec Zelavin Bria 5,7 l VK-Set",NA,NA,"Preis auf Anfrage",NA,"N/A",NA,NA
