Zulassungsnr,Handelsbezeichnung,Zulassungsende,Wirkungsbereich,Preis
00A657-63,Abran,31.07.24,Fungizid,NA
026378-00,Accurate,31.03.27,Herbizid,NA
006776-00,Accurate Extra,30.06.24,Herbizid,NA
00A289-00,ACELEPRYN,31.12.25,Insektizid,NA
007667-60,Achiba Max,30.11.24,Herbizid,NA
00A060-00,ACL+DFF+FFA SC 570,31.12.24,Herbizid,NA
007712-00,ACOIDAL WG,31.12.24,Fungizid,NA
033141-62,Aco.sol PY-Z,31.08.26,Insektizid,NA
00A913-00,ActiSeal F 60,15.06.26,Fungizid,NA
006839-00,ACTIVUS SC,31.12.24,Herbizid,NA
034046-63,Acucel,30.11.24,Wachstumsregler,NA
006366-61,Acupro,15.01.27,Herbizid,NA
006840-00,ADDITION,30.11.25,Herbizid,NA
026525-00,Adengo,31.12.26,Herbizid,NA
028533-60,Adentis,30.01.35,Herbizid,NA
00A775-00,ADM.09050.H.1.A,15.12.25,Wachstumsregler,NA
00A990-00,AFEPASA GREENHOUSE SULPHUR TABLETS,31.12.24,Fungizid,NA
025691-61,AFINTO,31.08.24,Insektizid,NA
008595-00,AFRASA TRIPLE WG,31.08.24,Fungizid,NA
00A362-00,Afrodyta 250 SC,31.12.25,Fungizid,NA
034107-00,AGIL-S,30.11.24,Herbizid,35.5
00A606-60,AGNI,30.09.24,Herbizid,NA
00B033-60,AGOLA,30.11.24,Herbizid,NA
006840-60,Agolin,30.11.25,Herbizid,NA
007797-65,AGRO STAAG,15.12.25,Wachstumsregler,NA
00A145-61,Akonpli,31.01.25,Fungizid,NA
033317-00,Aktuan,31.08.24,Fungizid,NA
006393-60,Aktuan Gold,31.08.25,Fungizid,NA
00A959-00,Alakazam 500 WG,31.08.24,Insektizid,NA
004329-62,ALCEDO,31.12.24,Fungizid,NA
008957-00,Alcoban,31.05.25,Fungizid,NA
027385-00,Alekto Plus TF,15.12.24,Herbizid,NA
008270-00,ALEKTO TF,15.12.24,Herbizid,NA
008595-60,ALFIL TRIPLE WG,31.08.24,Fungizid,NA
007839-61,Alginure Ascophos,30.09.24,Fungizid,NA
007839-00,Alginure Bio Schutz,30.09.24,Fungizid,NA
043099-00,Aliette WG,15.03.26,Fungizid,NA
033884-00,Aligal 2,31.08.24,"Akarizid, Insektizid",NA
043099-65,Alitis Spezial-Pilzfrei,15.03.26,Fungizid,NA
060122-70,Allflor Rasendünger mit Unkrautvernichter,31.12.26,Herbizid,NA
008047-71,Allflor Rasendünger plus Moosvernichter,31.08.24,Herbizid,NA
006366-00,Alliance,15.01.27,Herbizid,NA
00A816-00,Allstar,31.05.26,Fungizid,NA
008996-60,AloEx,30.06.24,Herbizid,NA
00A282-00,Alonty,31.05.26,Fungizid,NA
007824-00,Altiplano DAM Tec,31.12.24,Herbizid,NA
00B100-00,ALTIVATE 6 WG,30.06.33,Herbizid,NA
006396-60,Amario,31.10.24,Herbizid,NA
008211-00,AMBARAC,15.03.26,Fungizid,NA
008541-61,AMBORA DUO,31.08.24,Fungizid,NA
006281-62,AMEGA 360,15.12.24,Herbizid,NA
025090-00,AMISTAR,31.12.24,Fungizid,NA
008267-00,AMISTAR GOLD,31.12.25,Fungizid,46.4
00A658-00,AMISTAR MAX,31.12.25,Fungizid,NA
025090-63,AMPECT,31.12.24,Fungizid,NA
008314-00,AMPEXIO,30.09.24,Fungizid,NA
00A956-00,AMSTAF 800 EC,31.10.24,Herbizid,NA
00A825-00,Amylo-X WG,31.03.26,Fungizid,NA
008532-00,Angelus,15.06.26,Herbizid,NA
006316-00,Antak,31.08.25,Wachstumsregler,NA
007818-00,Antarktis,31.12.26,Herbizid,NA
005685-64,ANTEJO,15.12.25,Wachstumsregler,NA
00A540-00,Anti-Moos Rasendünger,31.08.26,Herbizid,NA
00A519-00,Applaud 25 SC,15.12.26,Insektizid,NA
00A949-00,"AppleSmart 3,3 VP",31.07.35,Wachstumsregler,NA
024487-65,APTRELL 60,15.03.26,"Fungizid, Wachstumsregler",NA
026391-00,AQ 10WG,01.08.34,Fungizid,NA
006928-00,Arcade,31.12.26,Herbizid,NA
00B006-00,Architect,31.12.24,"Fungizid, Wachstumsregler",NA
006173-63,Ardee 360,15.12.24,Herbizid,NA
024238-00,Arena C,15.06.26,Fungizid,NA
060122-96,ARENA Weed Control,31.12.26,Herbizid,NA
008286-60,ARESIN NEO,31.10.24,Herbizid,NA
008950-00,ARGOS,30.04.25,Wachstumsregler,NA
006218-00,ARIANE C,30.04.25,Herbizid,35.1
027526-00,ARIGO,31.12.24,Herbizid,NA
043274-74,ARINEX,31.05.24,Molluskizid,NA
00B198-00,ARINEX 30,31.08.27,Molluskizid,NA
00A325-00,Armicarb Spray,31.08.24,Fungizid,NA
00A325-61,Armisan AF PilzFrei,31.08.24,Fungizid,NA
00A948-00,Armisan PilzFrei,31.08.24,Fungizid,NA
008286-00,ARNOLD,31.10.24,Herbizid,NA
026242-00,Arrat,30.11.24,Herbizid,157.8
00B059-00,ARRODIM,31.05.27,Herbizid,NA
008450-60,ARRVA,31.10.24,Herbizid,NA
024559-00,Artist,31.10.24,Herbizid,44.9
024602-00,ARTUS,30.06.24,Herbizid,578.1
007851-00,ARVALIN,30.04.25,Rodentizid,NA
050425-72,ARVALIN CARB,31.12.26,"Repellent, Wildschadenverhütungsmittel",NA
008023-00,Arvalin Forte,30.04.25,Rodentizid,NA
008219-00,Ascra Xpro,31.01.25,Fungizid,71.6
008632-60,ASKAPHY,30.09.24,Fungizid,NA
006902-00,ASKON,31.12.25,Fungizid,NA
007149-00,Aspect,31.12.25,Herbizid,NA
008854-60,Assynt,31.10.24,Herbizid,NA
006220-63,Astro 400,31.01.25,Herbizid,NA
008838-64,ATAPHOS-K,30.09.24,Fungizid,NA
028610-00,Atlantis Direkt,15.08.26,Herbizid,NA
008188-00,Atlantis Flex,30.06.33,Herbizid,248.3
035938-00,Atlantis OD,31.03.33,Herbizid,NA
008571-00,Atlantis Star,30.06.25,Herbizid,NA
00A070-00,Atonik,31.10.26,Wachstumsregler,NA
044915-00,Attribut,31.08.33,Herbizid,NA
00A462-00,AURELIA,31.07.24,Fungizid,NA
005322-00,Aurora,31.03.25,Herbizid,NA
024182-67,Austriebsspritzmittel,31.12.24,"Akarizid, Insektizid",NA
030526-61,Austriebs-Spritzmittel Para Sommer,15.08.26,"Akarizid, Insektizid",NA
026764-00,Aviator Xpro,31.05.26,Fungizid,74.6
008178-00,AVOXA,30.04.25,Herbizid,NA
007402-00,Axcela,31.12.27,Molluskizid,NA
026845-00,Axial Komplett,31.12.26,Herbizid,NA
026326-00,AXIAL 50,31.12.26,Herbizid,52.8
007028-00,Axiendo Garten Schädlings-frei,31.12.26,Insektizid,NA
007029-00,Axiendo Schädlings-frei Spray,31.12.26,Insektizid,NA
00B164-00,AZA,31.08.25,Insektizid,NA
00A404-60,AZARIUS,31.12.25,Fungizid,NA
00B003-60,Azarius Top,31.12.25,Fungizid,NA
008967-00,Azbany,31.12.25,Fungizid,NA
00A065-00,AZOFIN,31.12.25,Fungizid,NA
00A439-00,AZOFIN PLUS,31.12.25,Fungizid,NA
00A150-00,AZOSHY,31.12.25,Fungizid,NA
00A150-60,AZOXYSTAR SC,31.12.25,Fungizid,NA
00A584-61,Azoxystar XL,31.12.25,Fungizid,NA
007712-60,AZUMO WG,31.12.24,Fungizid,NA
007938-00,A14203B,30.11.24,Herbizid,NA
006922-60,Babel,15.03.26,Fungizid,NA
024080-60,BACTOSPEINE ES,15.08.25,Insektizid,NA
028956-00,BADGE WG,31.12.26,Fungizid,NA
005908-60,BAKATA,31.10.24,Herbizid,NA
00A286-00,Balaya,15.09.26,Fungizid,NA
00A501-60,Balista Super,31.12.24,Herbizid,NA
034028-62,Ballet,31.08.24,"Fungizid, Wachstumsregler",NA
00A404-00,BALTAZAR,31.12.25,Fungizid,NA
005685-63,BAMINUS,15.12.25,Wachstumsregler,NA
008487-00,Banarg,31.08.26,Wachstumsregler,NA
007958-60,Bandera,31.12.26,Herbizid,NA
034145-00,Bandur,31.12.24,Herbizid,32.8
008942-00,Bandur Forte,31.10.24,Herbizid,NA
006899-00,BANJO,15.04.27,Fungizid,NA
027012-00,BANJO forte,15.02.26,Fungizid,NA
00A494-00,BANK,31.10.26,Insektizid,NA
00A076-00,BANVEL 480 S,31.12.26,Herbizid,NA
026173-60,Barbarian Biograde 360,15.12.24,Herbizid,NA
006173-60,Barbarian Biograde 360,15.12.24,Herbizid,NA
008772-00,Barca 334 SL,31.12.24,Herbizid,NA
026173-00,Barclay Gallup Biograde 360,15.12.24,Herbizid,NA
006173-00,BARCLAY GALLUP BIOGRADE 360,15.12.24,Herbizid,NA
026321-00,Barclay Gallup Biograde 450,15.12.24,Herbizid,NA
006321-00,BARCLAY GALLUP BIOGRADE 450,15.12.24,Herbizid,NA
006404-00,BARCLAY GALLUP HI-AKTIV,15.12.24,Herbizid,NA
008865-00,BARILOCHE,30.04.25,Herbizid,NA
008357-00,Barracuda,30.11.24,Herbizid,NA
00A485-60,Baruka 50 EC,30.11.24,Herbizid,NA
00A117-00,Basamid Granulat,31.05.24,"Fungizid, Herbizid, Insektizid, Nematizid",NA
008517-60,BASILICO,30.11.24,Herbizid,NA
00A945-00,BATTERY,31.12.24,Herbizid,NA
008226-00,BATTLE DELTA,31.12.24,Herbizid,NA
024182-60,Bayer Garten Austriebsspritzmittel,31.12.24,"Akarizid, Insektizid",NA
024785-69,Bayer Garten Bio Spinnmilben- & Schädlingsfrei AF,31.08.24,Insektizid,NA
024785-63,Bayer Garten Bio-Schädlingsfrei AF,31.08.24,Insektizid,NA
024785-67,Bayer Garten Bio-Schädlingsfrei Akut AF,31.08.24,Insektizid,NA
024436-63,Bayer Garten Bio-Schädlingsfrei Neem,31.08.25,Insektizid,NA
025876-60,Bayer Garten Gemüse-Pilzfrei Infinito,31.05.24,Fungizid,NA
006788-00,Bayer Garten Gemüse-Schädlingsfrei Decis AF,31.10.24,Insektizid,NA
024785-74,Bayer Garten Orchideen- & Zierpflanzenspray Lizetan,31.08.24,Insektizid,NA
024785-72,Bayer Garten Orchideen-Spray Lizetan AF,31.08.24,Insektizid,NA
007626-00,Bayer Garten Rosen-Pilzfrei Baymat,31.08.24,Fungizid,NA
006867-00,Bayer Garten Rosen-Pilzfrei Baymat Plus AF,31.08.24,Fungizid,NA
006867-60,Bayer Garten Rosen-Pilzfrei Spray Baymat Plus,31.08.24,Fungizid,NA
006788-62,Bayer Garten Schädlingsfrei Decis AF,31.10.24,Insektizid,NA
024436-67,Bayer Garten Schädlingsfrei Lizetan AZ,31.08.25,Insektizid,NA
024436-66,Bayer Garten Schädlingsfrei Lizetan Gie?mittel AZ,31.08.25,Insektizid,NA
006788-63,Bayer Garten Schädlingsspray Decis AE,31.10.24,Insektizid,NA
007825-61,Bayer Garten Schneckenkorn Protect MaXX,31.05.24,Molluskizid,NA
043099-62,Bayer Garten Spezial-Pilzfrei,15.03.26,Fungizid,NA
043099-63,Bayer Garten Spezial-Pilzfrei Aliette,15.03.26,Fungizid,NA
006867-64,Bayer Garten Universal-Pilzfrei Baymat Plus AF,31.08.24,Fungizid,NA
005747-62,Bayer Garten Universal-Rasenunkrautfrei Loredo Quattro,15.05.26,Herbizid,NA
006796-00,Bayer Garten Unkrautfrei Turboclean AF,15.12.25,Herbizid,NA
024785-73,Bayer Garten Zierpflanzen- & Rosen-Spray Lizetan AF,31.08.24,Insektizid,NA
006788-61,Bayer Garten Zierpflanzenspray Decis AF,31.10.24,Insektizid,NA
00B135-60,BEATS 500,31.10.32,Herbizid,NA
008047-66,Beckmann im Garten Moosvernichter plus Rasendünger,31.08.24,Herbizid,NA
008047-67,Beckmann Profi Moosvernichter,31.08.24,Herbizid,NA
005338-00,Beetix SC,31.08.26,Herbizid,NA
007671-00,Beetix WG,31.08.26,Herbizid,NA
006787-00,BeFlex,31.07.24,Herbizid,NA
00A480-00,Belanty,20.03.30,Fungizid,NA
034046-61,Belcocel,30.11.24,Wachstumsregler,NA
00A583-00,Belcocel 400,28.02.28,Wachstumsregler,NA
008778-00,Belkar,05.08.26,Herbizid,NA
006275-61,Bellandris Moosvernichter plus Rasendünger,31.08.24,Herbizid,NA
027821-63,Bellandris Unkrautvernichter plus Rasendünger,31.12.24,Herbizid,NA
006767-00,Bellis,31.01.25,Fungizid,NA
008528-00,BELOUKHA,15.12.25,Herbizid,NA
008529-00,BELOUKHA GARDEN,15.12.25,Herbizid,NA
00A046-00,BELTANOL,31.12.24,"Bakterizid, Fungizid",NA
024257-00,Belvedere Duo,31.07.24,Herbizid,NA
00B141-00,BEMYE,31.08.27,Herbizid,NA
00A175-00,BENEVIA,14.09.27,Insektizid,NA
007100-00,Bengala,31.07.24,Herbizid,NA
006977-00,Berelex 40 SG,31.08.24,Wachstumsregler,NA
00A817-00,Betanal SE,15.02.26,Herbizid,NA
00A542-00,Betanal Tandem,31.07.24,Herbizid,37
005328-00,Betasana SC,15.02.26,Herbizid,NA
005328-61,Betosip SC,15.02.26,Herbizid,NA
008104-00,BFA1-14,30.09.24,Fungizid,NA
007028-60,Bi 58 N,31.12.26,Insektizid,NA
007029-60,Bi 58 Spray,31.12.26,Insektizid,NA
006171-66,Bi 58 Spray N,31.08.26,"Akarizid, Insektizid",NA
027555-00,Biathlon 4D,15.07.26,Herbizid,510.6
00A702-00,Bigalo,31.07.24,Fungizid,NA
00A452-61,Bio Plantella Arion gegen Schnecken,31.12.31,Molluskizid,NA
024780-72,Bio Spinnmilben- & Schädlingsfrei,31.08.24,Insektizid,NA
024785-78,Bio Spinnmilben- & Schädlingsfrei AF,31.08.24,Insektizid,NA
007919-00,Biofresh Safestore,31.08.26,Wachstumsregler,NA
024645-64,Bio-Rasen-Moosfrei,15.12.25,Herbizid,NA
007137-00,Bioten,31.12.24,Fungizid,NA
007502-00,BIOX-M,31.08.26,Wachstumsregler,NA
00A827-00,BIOX-M Home and Garden,31.08.26,Wachstumsregler,NA
060122-88,Blizz-z Unkrautvernichter mit Rasendünger,31.12.26,Herbizid,NA
007416-00,Blossom Protect,31.12.25,Fungizid,NA
024560-73,Boccacio Rosen Pilz-Frei,30.06.24,Fungizid,NA
006396-00,BOFIX,31.10.24,Herbizid,NA
008265-60,BOGOTA Ge,31.07.24,Wachstumsregler,NA
00A657-60,Bolt,31.07.24,Fungizid,NA
00A326-00,BONAFIDE,31.07.24,Fungizid,NA
007997-00,BONZI,31.05.27,Wachstumsregler,NA
006763-00,Boom efekt,15.12.24,Herbizid,NA
026763-00,Boom Efekt,15.12.24,Herbizid,NA
028110-00,Border,31.05.33,Herbizid,NA
00A479-00,BOSCALID 500 WG,15.04.27,Fungizid,NA
007417-00,Botector,31.12.25,Fungizid,NA
00A219-00,Botiga,31.12.31,Herbizid,NA
037382-00,BOUDHA,31.03.27,Herbizid,NA
033838-00,Boxer,30.04.24,Herbizid,15.4
00A364-00,Brando,31.12.24,Herbizid,NA
007972-00,Brevis,31.08.26,Wachstumsregler,NA
060122-67,British Meadow,31.12.26,Herbizid,NA
00A343-00,Brivela,31.12.24,Fungizid,NA
00A640-00,BRIXTON,31.05.24,Herbizid,NA
008362-61,Broadcast,31.12.24,Herbizid,NA
026233-00,BROADWAY,31.12.24,Herbizid,306
00A261-00,Broadway Plus,30.04.26,Herbizid,NA
00A773-00,Brodal,31.12.24,Herbizid,NA
024436-75,Buchsbaumzünslerfrei,31.08.25,Insektizid,NA
024436-81,BUCHSBAUMZ?NSLER-FREI ORGANIC,31.08.25,Insektizid,NA
008792-00,BUGUIS,30.04.26,Herbizid,NA
006387-61,Bulldock Top,31.12.24,Insektizid,NA
043401-00,Butisan,31.07.24,Herbizid,54.6
006790-00,Butisan Gold,31.07.25,Herbizid,NA
006288-00,Butisan Kombi,31.12.24,Herbizid,NA
024365-00,Butisan Top,31.07.25,Herbizid,NA
008299-00,BUZZIN,15.02.26,Herbizid,NA
005908-00,Cadou SC,31.10.24,Herbizid,NA
035692-00,Calaris,31.12.25,Herbizid,NA
00A093-00,CALDERA,31.05.25,Fungizid,NA
008570-60,CALIZI,31.12.25,Fungizid,NA
044660-00,Callisto,31.05.33,Herbizid,25.2
007005-00,CALMA,15.12.25,Wachstumsregler,NA
044660-64,Caluma,31.05.33,Herbizid,NA
005890-61,Cameo SX,31.07.24,Herbizid,NA
00A944-60,CAMPIONE,15.08.26,Fungizid,NA
00A617-00,Camposan Top,31.07.24,Wachstumsregler,NA
024034-00,Camposan-Extra,15.11.25,Wachstumsregler,NA
025180-00,Cantus,15.04.27,Fungizid,135.1
008825-00,Cantus Ultra,31.01.25,Fungizid,135.1
008357-63,CAPELLA,30.11.24,Herbizid,NA
00A997-00,Capetus Extra,15.08.26,Fungizid,NA
00A197-00,Capreno,30.04.25,Herbizid,NA
008355-00,CAPTION 80 WG,15.11.25,Fungizid,NA
024487-00,CARAMBA,15.03.26,"Fungizid, Wachstumsregler",NA
006415-00,Carax,15.03.26,"Fungizid, Wachstumsregler",42.1
033892-00,Carbo Kohlensäure,31.08.24,"Akarizid, Insektizid",NA
053892-00,CARBO Kohlensäure,30.04.38,"Akarizid, Insektizid",NA
005686-61,CAREO zum Gie?en,31.01.25,Insektizid,NA
007646-00,CARIAL FLEX,31.07.24,Fungizid,NA
006284-00,Carmina 640,31.12.24,Herbizid,NA
00B072-00,Carnadine 200,28.02.34,Insektizid,NA
006899-60,Carneol,15.04.27,Fungizid,NA
008362-00,CARPATUS SC,31.12.24,Herbizid,NA
007135-00,CARPOVIRUSINE,30.04.25,Insektizid,NA
007748-00,CARPOVIRUSINE EVO 2,30.04.25,Insektizid,NA
006986-00,Casper,31.12.24,Herbizid,NA
034078-00,CATO,30.04.26,Herbizid,NA
034046-60,CCC720,30.11.24,Wachstumsregler,NA
005921-00,Cedomon,30.04.25,Fungizid,NA
024345-00,Celaflor Essigsäure,31.08.26,Herbizid,NA
006240-60,Celaflor Rasen-Unkrautfrei Anicon Ultra,31.10.24,Herbizid,NA
006239-60,Celaflor Rasen-Unkrautfrei Anicon Ultra Spray,31.10.24,Herbizid,NA
005747-61,CELAFLOR RASEN-UNKRAUTFREI WEEDEX,15.05.26,Herbizid,NA
024436-74,CELAFLOR Schädlingsfrei Neem,31.08.25,Insektizid,NA
024213-73,Celaflor Schädlingsfrei Obst & Gemüse,31.08.24,"Akarizid, Insektizid",NA
024213-74,Celaflor Schädlingsfrei Rosen,31.08.24,"Akarizid, Insektizid",NA
043743-68,Celaflor Schädlingsfrei Zierpflanzen Konzentrat,31.12.27,"Akarizid, Insektizid",NA
043833-60,Celaflor Wundbalsam Plus,31.12.24,Fungizid,NA
024175-00,CELEST,15.06.26,Fungizid,NA
008125-60,CELEST Duo,31.12.24,Fungizid,NA
025625-62,CELLO,31.07.24,Fungizid,NA
024798-00,Centium 36 CS,31.12.25,Herbizid,170.5
024366-60,Centurion,31.12.24,Herbizid,NA
005922-00,Cerall,30.04.25,Fungizid,NA
006387-64,CeraVita Lambda,31.12.24,Insektizid,NA
00A462-60,CERBER,31.07.24,Fungizid,NA
00A814-60,CEROK 460EC,31.12.24,Fungizid,NA
00A961-00,Cerone 480 SL,31.07.24,Wachstumsregler,NA
006285-00,Cerone 660,15.11.25,Wachstumsregler,47.2
044267-00,Certosan,31.03.37,"Repellent, Wildschadenverhütungsmittel",NA
042409-00,Cervacol Extra,31.08.24,"Repellent, Wildschadenverhütungsmittel",NA
00A402-00,Chaco,31.12.26,Herbizid,NA
008316-00,Chamane,31.12.25,Fungizid,NA
00A472-00,Chanon,31.07.24,Herbizid,NA
007232-00,CHA6710H,31.12.24,Herbizid,NA
00A074-00,CheckMate Puffer CM,31.08.24,Pheromon,NA
008858-00,CheckMate Puffer LB/EA,31.08.24,Pheromon,NA
00A992-00,CheckMate Puffer Leaf Multi,31.08.24,Pheromon,NA
006858-60,Chenkar,30.06.24,Herbizid,NA
034837-00,Chikara,31.07.33,Herbizid,NA
008265-00,Chlormephon GE,31.07.24,Wachstumsregler,NA
034046-00,Chlormequat 720,30.11.24,Wachstumsregler,NA
024411-00,CHORUS,15.03.26,Fungizid,NA
00A448-00,Chrome,31.10.24,Herbizid,NA
034210-61,Chrysal Blattläuse Stop Pumpspray,15.12.25,"Akarizid, Insektizid",NA
00B086-00,Chrysal BVB,31.08.25,Wachstumsregler,NA
008047-69,Chrysal Moos Weg,31.08.24,Herbizid,NA
00B090-00,Chrysal Plus,15.11.25,Wachstumsregler,NA
024172-60,Chrysal Schildläuse Stop,31.12.24,"Akarizid, Insektizid",NA
060122-87,Chrysal Unkraut Weg!,31.12.26,Herbizid,NA
008794-00,"Chryzotop Grün 0,25%",15.03.27,Wachstumsregler,NA
00A925-00,CIAZ,15.03.27,Fungizid,NA
007954-00,Citation,15.02.26,Herbizid,NA
00A353-00,CITO FAST,31.08.26,Herbizid,NA
00A354-00,CITO MAX,31.08.26,Herbizid,NA
00A526-00,CLAP,30.04.25,Herbizid,NA
008582-00,CLAP FORTE,30.04.25,Herbizid,NA
00A894-00,CLAYTON AUGUSTA,31.12.25,Fungizid,NA
00B181-00,Clayton Docker,15.12.25,Herbizid,NA
00A771-00,CLAYTON FLURRY,31.12.25,Herbizid,NA
00B047-00,Clayton Linaxo,31.08.24,Fungizid,NA
00A810-00,CLAYTON MARTELLO,31.10.26,Herbizid,NA
00B099-00,Clayton Polygon,31.08.25,Fungizid,NA
006401-00,CLAYTON SPARTA,31.07.24,Insektizid,NA
00B085-00,CLAYTON TRUSS,15.12.25,Wachstumsregler,NA
00A755-00,CLAYTON TUSKAR,15.08.26,Fungizid,NA
008193-00,CLEANSHOT,31.08.25,Herbizid,NA
028002-00,Clearfield-Clentiga,31.07.25,Herbizid,NA
007777-61,CLEMATIS,15.06.26,Herbizid,NA
00A801-00,CLETHOFIN 240,31.05.27,Herbizid,NA
006173-62,Clinic Grade,15.12.24,Herbizid,NA
006281-00,Clinic TF,15.12.24,Herbizid,NA
00B183-00,Clinic Xtreme,15.12.24,Herbizid,NA
007895-00,Cliophar 600 SL,30.04.25,Herbizid,NA
007777-00,Clomate,15.06.26,Herbizid,NA
006924-00,Clomazone 360 CS,31.10.24,Herbizid,NA
008773-00,CLONEX,15.03.27,Wachstumsregler,NA
008447-00,Closer,18.08.26,Insektizid,NA
008532-62,Clozone,15.06.26,Herbizid,NA
044660-61,Clue,31.05.33,Herbizid,NA
00A373-00,Clyde FX,31.12.25,Herbizid,NA
00A491-00,COBALT,31.07.24,Fungizid,NA
00A121-00,COBOX,31.12.26,"Bakterizid, Fungizid",NA
035203-00,Collis,31.12.26,Fungizid,NA
006324-00,Colzor Trio,31.12.24,Herbizid,NA
005948-00,Colzor Uno,31.12.26,Herbizid,NA
00A146-00,Colzor Uno flex,31.12.24,Herbizid,NA
008628-00,COM 107 03 AI EC,15.12.25,Insektizid,NA
008629-00,COM 107 04 AI AL,15.12.25,Insektizid,NA
006275-00,COM 502 02 H,31.08.24,Herbizid,NA
027821-00,COM 503 15 H GR,31.12.24,Herbizid,NA
027820-00,COM 503 21 H GR,31.12.26,Herbizid,NA
007508-00,COM 508 09 H AL,31.08.24,Herbizid,NA
007507-00,COM 508 16 H EW,31.08.24,Herbizid,NA
00A679-00,COM 508 24 H EC,15.12.25,Herbizid,NA
027517-00,COM 802 09 M RB,31.12.31,Molluskizid,NA
007643-00,Comet,31.01.25,"Fungizid, Wachstumsregler",33.5
024182-66,COMPO Austrieb-Spritzmittel,31.12.24,"Akarizid, Insektizid",NA
024436-65,COMPO BIO Insekten-frei Neem,31.08.25,Insektizid,NA
050498-63,COMPO Bio Mehltau-frei Thiovit Jet,31.12.24,Fungizid,NA
00A325-60,COMPO BIO Mehltau-frei Universal AF,31.08.24,Fungizid,NA
007507-61,COMPO Bio Rasen Moos-frei Herbistop,31.08.24,Herbizid,NA
027517-60,COMPO BIO Schneckenkorn,31.12.31,Molluskizid,NA
007507-60,COMPO Bio Unkrautvernichter Herbistop,31.08.24,Herbizid,NA
007508-60,COMPO Bio Unkrautvernichter Herbistop AF,31.08.24,Herbizid,NA
008628-61,COMPO Blattlaus-frei Nativert,15.12.25,Insektizid,NA
008629-64,COMPO Blattlaus-frei Nativert AF,15.12.25,Insektizid,NA
024436-76,COMPO Buchsbaumzünsler K.O.,31.08.25,Insektizid,NA
006299-61,COMPO Duaxo Rosen Pilz-frei AF,31.12.26,Fungizid,NA
006299-60,COMPO Duaxo Universal Pilz-frei AF,31.12.26,Fungizid,NA
006171-00,COMPO Fazilo Garten-Spray,31.08.26,"Akarizid, Insektizid",NA
006171-60,COMPO Fazilo Pflanzen-Spray,31.08.26,"Akarizid, Insektizid",NA
006171-61,COMPO Fazilo Spinnmilben-Spray,31.08.26,"Akarizid, Insektizid",NA
027820-60,COMPO FLORANID Rasendünger gegen Unkraut + Moos,31.12.26,Herbizid,NA
006275-60,COMPO Floranid Rasendünger mit Moosvernichter,31.08.24,Herbizid,NA
027821-60,COMPO Floranid Rasendünger plus Unkrautvernichter,31.12.24,Herbizid,NA
008629-62,COMPO Grün- und Blühpflanzen Schädlings-frei AF,15.12.25,Insektizid,NA
007474-60,COMPO Insektenmittel PREV-AM,31.12.26,Insektizid,NA
008629-65,COMPO Kräuter & Gemüse Blattlaus-frei Nativert AF,15.12.25,Insektizid,NA
008628-60,COMPO Nativert Blattlaus-frei,15.12.25,Insektizid,NA
008629-60,COMPO Nativert Blattlaus-frei AF,15.12.25,Insektizid,NA
008629-61,COMPO Nativert Kräuter & Gemüse Blattlaus-frei AF,15.12.25,Insektizid,NA
008629-63,COMPO Orchideen Schädlings-frei AF,15.12.25,Insektizid,NA
006171-65,COMPO Orchideen-Spray,31.08.26,"Akarizid, Insektizid",NA
024560-67,COMPO Ortiva Rosen Pilz-frei,30.06.24,Fungizid,NA
024560-65,COMPO Ortiva Rosen-Pilzschutz,30.06.24,Fungizid,NA
024560-72,COMPO Ortiva Spezial Pilz-frei,30.06.24,Fungizid,NA
024560-68,COMPO Ortiva Universal Pilz-frei,30.06.24,Fungizid,NA
033986-63,COMPO Pilz-frei Polyram WG,28.05.24,Fungizid,NA
008182-60,COMPO Pilz-frei Revus,31.07.24,Fungizid,NA
007507-64,COMPO Rasen Moos-frei Herbistop,31.08.24,Herbizid,NA
027820-61,COMPO Rasendünger gegen Unkraut + Moos,31.12.26,Herbizid,NA
006275-64,COMPO Rasendünger mit Moosvernichter,31.08.24,Herbizid,NA
027821-67,COMPO Rasendünger plus Unkrautvernichter,31.12.24,Herbizid,NA
005747-68,COMPO Rasenunkraut-Vernichter Banvel Quattro,15.05.26,Herbizid,NA
005747-66,COMPO Rasenunkraut-Vernichter Perfekt,15.05.26,Herbizid,NA
024780-64,COMPO Schädlings-frei plus,31.08.24,Insektizid,NA
024785-79,COMPO Schädlings-frei plus AF,31.08.24,Insektizid,NA
007825-60,COMPO Schnecken-frei,31.05.24,Molluskizid,NA
027517-61,COMPO Schneckenkorn,31.12.31,Molluskizid,NA
024436-87,COMPO Trauermücken-frei,31.08.25,Insektizid,NA
007029-61,COMPO Triathlon Insekten-frei AF,31.12.26,Insektizid,NA
006171-63,COMPO Triathlon Universal Insekten-frei AF,31.08.26,"Akarizid, Insektizid",NA
007507-63,COMPO Unkrautvernichter Herbistop,31.08.24,Herbizid,NA
007508-62,COMPO Unkrautvernichter Herbistop AF,31.08.24,Herbizid,NA
006171-64,COMPO Zierpflanzen-Spray,31.08.26,"Akarizid, Insektizid",NA
00A876-00,Compola,31.10.24,Herbizid,NA
024487-61,Conatra 60,15.03.26,"Fungizid, Wachstumsregler",NA
005984-00,CONCERT SX,30.06.24,Herbizid,NA
025090-62,Conclude AZT 250 SC,31.12.24,Fungizid,NA
008317-00,CONFIGURE,31.08.25,Wachstumsregler,NA
006858-61,CONNEX,30.06.24,Herbizid,NA
007519-65,Conrod 250 EW,31.08.24,"Fungizid, Wachstumsregler",NA
00A405-00,ConShape,30.09.25,Wachstumsregler,NA
025323-72,Contra Schnecken,31.05.24,Molluskizid,NA
007402-63,Contra Schnecken 3%,31.12.27,Molluskizid,NA
00B026-00,CONTROLLA 450 WG,31.08.24,Fungizid,NA
008430-00,CONVISO  ONE,30.09.25,Herbizid,NA
025631-60,Cooper,31.03.26,Insektizid,NA
008695-00,COPFORCE EXTRA,31.12.26,Fungizid,NA
028956-60,COPRANTOL DUO,31.12.26,Fungizid,NA
026336-00,CORAGEN,31.12.25,Insektizid,412.6
034028-64,Corail,31.08.24,"Fungizid, Wachstumsregler",NA
00A631-00,COREY,15.08.26,Herbizid,NA
028533-00,CORIDA,30.01.35,Herbizid,NA
025625-64,CORINTH CLASSIC,31.07.24,Fungizid,NA
008047-74,Cornufera Moosvernichter plus Rasendünger,31.08.24,Herbizid,NA
060122-81,Cornufera UV Unkrautvernichter mit Rasendünger,31.12.26,Herbizid,NA
00A657-61,Corrib,31.07.24,Fungizid,NA
008511-00,Cossack Star,30.09.25,Herbizid,NA
008334-00,Countdown NT,15.12.25,Wachstumsregler,NA
006193-66,COVIL UKV,31.12.24,Herbizid,NA
034028-67,CRANE,31.08.24,"Fungizid, Wachstumsregler",NA
008698-61,CRASHER,31.12.26,Herbizid,NA
006220-62,Credence,31.01.25,Herbizid,NA
00A370-00,Credit Xtreme,15.12.24,Herbizid,NA
008135-00,Croisor 100,31.08.25,Wachstumsregler,NA
025287-63,CROTON,15.08.26,Fungizid,NA
008819-00,Croupier OD,31.12.25,Herbizid,NA
027233-60,CROWN MH,31.10.33,Wachstumsregler,NA
007233-60,CROWN MH,31.12.24,Wachstumsregler,NA
00A475-60,Crozier,31.10.26,Herbizid,NA
043753-61,CTU 700,31.10.24,Herbizid,NA
00A861-00,CUBE,15.07.26,Wachstumsregler,NA
033775-00,Cuproxat,31.10.24,Fungizid,NA
006895-00,Cuprozin progress,30.09.24,Fungizid,NA
024560-85,Curamat AZ Rosen-Pilzfrei,30.06.24,Fungizid,NA
006867-67,Curamat Plus Rosen-Pilzfrei AF,31.08.24,Fungizid,NA
006867-65,Curamat Plus Rosen-Pilzfrei Spray,31.08.24,Fungizid,NA
006867-66,Curamat Plus Universal-Pilzfrei AF,31.08.24,Fungizid,NA
007626-61,Curamat Rosen-Pilzfrei,31.08.24,Fungizid,NA
00A770-00,CURATIO,31.08.25,Fungizid,NA
025287-60,Curbatur,15.08.26,Fungizid,NA
00A644-00,Currando,31.12.24,Fungizid,NA
00A607-00,CURRENT,31.03.33,Herbizid,NA
00A112-00,CURZATE 60WG,31.08.24,Fungizid,NA
007537-00,Custodia,31.08.24,Fungizid,NA
008357-60,CUTER,30.11.24,Herbizid,NA
006401-60,CYCLONE,31.07.24,Insektizid,NA
007213-62,CYCLONE CS,31.07.24,Insektizid,NA
006968-60,CYLEX PLUS,31.08.25,Wachstumsregler,NA
008260-00,Cymbal Flow,31.08.24,Fungizid,NA
00A112-60,Cymox WG,31.08.24,Fungizid,NA
007456-00,Cyperkill Max,28.02.25,Insektizid,NA
00A794-00,CZAR,15.06.26,Herbizid,NA
00A657-62,Dagda,31.07.24,Fungizid,NA
008647-00,Dagonis,31.12.24,Fungizid,NA
034092-63,DALIMO,15.04.27,Fungizid,NA
00A559-60,Daltrice,31.03.33,Herbizid,NA
005685-62,DANAR,15.12.25,Wachstumsregler,NA
038651-00,DANEVA,31.05.33,Herbizid,NA
005655-60,Danjiri,28.02.25,Insektizid,NA
038651-60,Danzig,31.05.33,Herbizid,NA
034066-62,Darby,31.12.31,Herbizid,NA
008627-60,DARIUM,30.11.24,Herbizid,NA
033838-63,Datamar,30.04.24,Herbizid,NA
00B097-00,Daxur,31.12.25,Fungizid,NA
00A318-00,DECCOPYR-POT,15.03.26,Fungizid,NA
00B101-00,DECIDE,31.10.24,Insektizid,NA
007418-00,Decis forte,31.12.24,Insektizid,NA
006408-61,DEDEVAP green,31.08.26,Insektizid,NA
006423-61,DEDEVAP plus,15.06.26,Insektizid,NA
033944-00,DEGESCH-MAGTOXIN,31.12.25,Insektizid,NA
042688-00,DEGESCH-PLATE,31.08.26,Insektizid,NA
042688-60,DEGESCH-STRIP,31.08.26,Insektizid,NA
008047-73,Dehner Moosvernichter und Rasendünger,31.08.24,Herbizid,NA
007825-65,Dehner Schneckengranulat,31.05.24,Molluskizid,NA
034496-60,Dehner Schneckenkorn Wirkstoff aus der Natur,31.12.31,Molluskizid,NA
060122-60,Dehner Unkrautvernichter plus Rasendünger,31.12.26,Herbizid,NA
004424-00,Delan  WG,31.08.25,Fungizid,NA
008018-00,Delan Pro,31.08.25,Fungizid,NA
00A851-00,Delaro Forte,31.12.24,Fungizid,NA
025323-00,Delicia Schnecken-Linsen,31.05.24,Molluskizid,NA
050783-61,Delicia-Gastoxin-Tabletten,31.12.25,Insektizid,NA
00A311-60,DELION,31.12.26,Herbizid,NA
006788-68,DeltaX Garten- und Rosen-Schädlingsspray,31.10.24,Insektizid,NA
006788-66,DeltaX Schädlingsfrei,31.10.24,Insektizid,NA
006788-67,DeltaX Zierpflanzenspray AF,31.10.24,Insektizid,NA
050425-00,DELU Wühlmausgas,31.12.26,"Repellent, Wildschadenverhütungsmittel",NA
008040-00,DELU Wühlmausgas,31.08.26,"Repellent, Wildschadenverhütungsmittel",NA
008485-60,DEMETRINA 25 EC,31.10.26,Insektizid,NA
027086-00,Derrex,31.12.31,Molluskizid,NA
024560-70,Detia Pflanzen Pilz-frei,30.06.24,Fungizid,NA
005747-67,Detia Rasen-Unkrautfrei Dicotex,15.05.26,Herbizid,NA
050425-60,Detia Wühlmausgas,31.12.26,"Repellent, Wildschadenverhütungsmittel",NA
033366-61,Detia Wühlmausköder Neu,31.12.24,Rodentizid,NA
052569-00,DETIA-GAS-EX P,31.08.26,Insektizid,NA
050783-60,DETIA-GAS-EX T,31.12.25,Insektizid,NA
033944-60,Detia-Magphos,31.12.25,Insektizid,NA
00A126-00,Devoid,31.08.26,Herbizid,NA
009000-00,DFF+FFA+MRB SC 406,31.12.24,Herbizid,NA
025584-00,DIABOLO,31.12.25,Fungizid,NA
00A282-60,Diadem,31.05.26,Fungizid,NA
008745-60,DIAGONAL,31.12.25,Fungizid,NA
00B023-60,DIAGONAL KOMPLETT,31.12.25,Fungizid,NA
008288-60,DICAMBA FL?SSIG,31.12.26,Herbizid,NA
00A945-60,Dicamba M,31.12.24,Herbizid,NA
008288-00,DICASH,31.12.26,Herbizid,NA
00A862-00,DICOLEN 200 EC,31.12.25,Herbizid,NA
060939-62,Dicopur M,31.10.24,Herbizid,NA
005747-00,DICOTEX,15.05.26,Herbizid,NA
005747-63,Dicotex Rasen Unkraut-Frei,15.05.26,Herbizid,NA
00A653-00,DIFAZ,31.12.26,Fungizid,NA
007421-00,DIFCOR,31.12.26,Fungizid,NA
008125-00,DIFEND EXTRA,31.12.24,Fungizid,NA
005985-00,DIFLANIL 500 SC,31.12.24,Herbizid,NA
008377-00,Difo 25% EC,31.12.26,Fungizid,NA
008386-00,DIGATOR,30.11.24,Herbizid,NA
00A380-00,DIMETHOFIN,15.02.26,Fungizid,NA
034060-61,Dinagam,30.11.24,Herbizid,NA
008323-00,Diniro,31.07.25,Herbizid,NA
007475-60,DIOPYR,31.12.27,Fungizid,NA
00A647-60,DIOZINOS 700 WG,31.05.25,Fungizid,NA
00A304-00,DiPel DF,15.08.25,Insektizid,NA
024080-00,Dipel ES,15.08.25,Insektizid,NA
008400-60,DIPLOMAT,31.10.24,Herbizid,NA
006228-00,DIRIGENT SX,31.07.24,Herbizid,NA
006427-61,DISCO,31.12.24,Herbizid,NA
00B092-00,DITHIAFIN,31.08.25,Fungizid,NA
00A841-00,DITOFLO 700 WG,31.08.25,Fungizid,NA
00A317-00,DITTO 25 EC,31.12.24,Fungizid,NA
007454-61,DJEMBE,31.12.25,Fungizid,NA
024228-00,DMM,15.02.26,Fungizid,NA
00A758-00,DODIFUN SC,31.08.25,Fungizid,NA
00A455-60,Doff Power Schneckenkorn,31.12.31,Molluskizid,NA
00A452-60,Doff Schneckenkorn,31.12.31,Molluskizid,NA
00B187-60,DOKTUS,15.02.26,Fungizid,NA
004329-00,DOMARK 10 EC,31.12.24,Fungizid,NA
006763-60,DOMINATOR CLEAN,15.12.24,Herbizid,NA
026923-00,Dominator 480 TF,15.12.24,Herbizid,NA
034210-64,Dr. Stähler Blattlausfrei-Spray,15.12.25,"Akarizid, Insektizid",NA
024785-68,Dr. Stähler Schädlingsfrei-Spray,31.08.24,Insektizid,NA
024646-62,Dr. Stähler Unkrautfrei-Spray,15.12.25,Herbizid,NA
00A802-00,Dragster,15.08.26,Herbizid,NA
008837-61,Drap-Fhos,30.09.24,Fungizid,NA
024587-00,Dual Gold,23.04.24,Herbizid,NA
006396-61,DUANTI,31.10.24,Herbizid,NA
006300-61,Duaxo Rosen Pilz-frei,31.12.26,Fungizid,NA
006299-00,Duaxo Rosen-Pilz Spray,31.12.26,Fungizid,NA
006300-60,Duaxo Universal Pilz-frei,31.12.26,Fungizid,NA
006300-00,Duaxo Universal Pilzspritzmittel,31.12.26,Fungizid,NA
008698-60,DUCEL,31.12.26,Herbizid,NA
043729-00,Duplosan DP,15.03.26,Herbizid,NA
053678-00,Duplosan KV,31.01.25,Herbizid,NA
00A021-00,Duplosan Super,31.01.25,Herbizid,NA
072389-00,Durano,15.12.24,Herbizid,NA
00A164-00,Durano SL,15.12.24,Herbizid,NA
072389-83,Durano TF,15.12.24,Herbizid,NA
00A452-00,DuraTech,31.12.31,Molluskizid,NA
00A455-00,DuraTech Power,31.12.31,Molluskizid,NA
008716-00,Dutch Trig,30.04.25,Fungizid,NA
007501-00,DYNALI,31.03.25,Fungizid,NA
00A550-00,DYNAMO,31.05.25,Fungizid,NA
025287-64,ECANA,15.08.26,Fungizid,NA
00A649-00,ECLAIRE,31.07.24,Herbizid,NA
005866-00,EFFIGO,31.12.26,Herbizid,157.3
024587-61,EFICA 960 EC,23.04.24,Herbizid,NA
007024-00,Efilor,15.03.26,"Fungizid, Wachstumsregler",NA
008406-00,ELATUS ERA,02.03.25,Fungizid,80
008405-00,ELATUS PLUS,02.03.27,Fungizid,NA
00A411-00,ELEMENT 05 EC,30.11.24,Herbizid,NA
00A768-00,Elipris,31.10.24,Herbizid,NA
008837-62,ELIXIR,30.09.24,Fungizid,NA
006960-00,Elumis,31.12.24,Herbizid,NA
00A322-00,EMCEE,31.10.26,Herbizid,NA
004329-60,Emerald,31.12.24,Fungizid,NA
004329-61,Eminent,31.12.24,Fungizid,NA
008674-00,EMINENT 125 ME,31.12.24,Fungizid,NA
035203-60,Empartis,31.12.26,Fungizid,NA
008966-00,Enervin SC,31.07.24,Fungizid,NA
00A440-00,Entargo,15.04.27,Fungizid,NA
008141-00,EPSOM,31.08.24,"Repellent, Wildschadenverhütungsmittel",NA
007201-61,EPYRIN - herbex,31.12.27,Herbizid,NA
00A267-62,ERA,31.07.24,Fungizid,NA
00A156-00,Eradicoat,30.09.24,Insektizid,NA
00A541-00,Eradicoat Max,30.09.24,Insektizid,NA
008986-00,ERCOLE,31.03.25,Insektizid,NA
006858-00,ERGON,30.06.24,Herbizid,NA
00A593-00,ERUNE 40 SC,15.03.26,Fungizid,NA
00A818-00,Ethosat 500,31.10.32,Herbizid,NA
00B203-00,Ethy-Gen II,30.11.27,Wachstumsregler,NA
00A035-00,EthylBloc Sachet,31.10.24,Wachstumsregler,NA
027206-00,EthylBloc Tabs,31.07.35,Wachstumsregler,NA
027206-60,Ethylene Buster,31.07.35,Wachstumsregler,NA
00A035-60,Ethylene Buster Sachets,31.10.24,Wachstumsregler,NA
008488-00,Ethylene 100%,31.08.26,Wachstumsregler,NA
024646-65,ETISSO Bio Unkraut-frei AF,15.12.25,Herbizid,NA
024645-68,ETISSO Bio Unkraut-frei Konzentrat,15.12.25,Herbizid,NA
008201-60,ETISSO FERREX,31.12.31,Molluskizid,NA
005747-65,ETISSO Rasen Unkraut-frei perfekt,15.05.26,Herbizid,NA
006867-61,ETISSO Rosan Pilz-frei AF,31.08.24,Fungizid,NA
007626-60,ETISSO Rosan Pilz-frei SC,31.08.24,Fungizid,NA
024436-77,ETISSO Schädlings-frei EC,31.08.25,Insektizid,NA
006788-64,ETISSO Schädlings-Stop AF,31.10.24,Insektizid,NA
008201-62,ETISSO Schnecken-Linsen,31.12.31,Molluskizid,NA
00A065-60,ETISSO Universal Gemüse Pilz-frei SC,31.12.25,Fungizid,NA
024646-66,ETISSO Universal Unkraut + Moosfrei AF,15.12.25,Herbizid,NA
024645-70,ETISSO Universal Unkraut + Moosfrei Konzentrat,15.12.25,Herbizid,NA
008047-64,Euflor Moosvernichter mit Rasendünger,31.08.24,Herbizid,NA
060122-91,Euflor Unkrautvernichter mit Rasendünger,31.12.26,Herbizid,NA
060122-64,EUROGREEN Unkrautvernichter + Rasendünger,31.12.26,Herbizid,NA
00A699-00,EUSKATEL,31.07.24,Fungizid,NA
00A657-64,EUSKATEL EC,31.07.24,Fungizid,NA
00A895-00,EUSKATEL 250,15.08.26,Fungizid,NA
008532-60,EVEA,15.06.26,Herbizid,NA
008465-00,EVITO T,31.07.24,Fungizid,NA
024218-60,EVURE,31.08.24,Insektizid,NA
00A620-00,EXACTRIS,31.07.24,Fungizid,NA
008515-00,Exalt,30.04.24,Insektizid,NA
007486-00,EXCEL DF Gold,31.12.26,Herbizid,NA
007524-00,Exilis,31.08.25,Wachstumsregler,NA
008809-00,Exilis 100 XL,31.05.25,Wachstumsregler,NA
00A670-00,Exirel,14.09.27,Insektizid,NA
028376-00,Exteris Stressgard,31.01.25,Fungizid,NA
008380-00,Faban,31.08.25,Fungizid,NA
008998-00,FABULIS OD,31.12.24,Wachstumsregler,NA
00A083-00,FADE,31.10.24,Herbizid,NA
008038-60,Falgro Tablet,15.07.26,Wachstumsregler,NA
026330-00,FALKON,31.12.25,Herbizid,NA
00B237-00,FANCY,31.12.25,Insektizid,NA
025315-00,Fandango,15.06.26,Fungizid,64.9
00A504-00,Fantasia,31.10.26,Herbizid,NA
00B031-00,Fantasia Gold,31.10.24,Herbizid,NA
026260-00,Fantic F,31.12.29,Fungizid,NA
026865-00,Fazor,31.10.33,Wachstumsregler,NA
008838-00,FBR-A,30.09.24,Fungizid,NA
008837-00,FBR-B,30.09.24,Fungizid,NA
008632-00,FBR-C,30.09.24,Fungizid,NA
008400-00,FENCE,31.10.24,Herbizid,NA
034496-00,Ferramol Schneckenkorn,31.12.31,Molluskizid,NA
027744-60,Ferramol Schneckenkorn compact,31.12.31,Molluskizid,NA
008201-00,Ferrex,31.12.31,Molluskizid,NA
00A133-00,FERRIMAX,31.12.31,Molluskizid,NA
006400-00,Fezan,31.08.24,Fungizid,NA
008975-00,Fidox,31.10.24,Herbizid,NA
033838-60,Filon,30.04.24,Herbizid,NA
024645-61,Finalsan,15.12.25,Herbizid,NA
006177-60,Finalsan AF Gierschfrei,31.12.24,Herbizid,NA
006177-61,Finalsan AF SchachtelhalmFrei,31.12.24,Herbizid,NA
024646-00,Finalsan AF Unkrautfrei,15.12.25,Herbizid,NA
006177-00,Finalsan AF UnkrautFrei Plus,31.12.24,Herbizid,NA
024646-63,Finalsan AF UnkrautLos Speed,15.12.25,Herbizid,NA
006193-65,Finalsan GierschFrei,31.12.24,Herbizid,NA
006193-60,Finalsan Konzentrat Gierschfrei,31.12.24,Herbizid,NA
006193-62,Finalsan Konzentrat SchachtelhalmFrei,31.12.24,Herbizid,NA
006193-00,Finalsan Konzentrat UnkrautFrei Plus,31.12.24,Herbizid,NA
006193-61,Finalsan Plus,31.12.24,Herbizid,NA
024645-60,Finalsan Rasen Moosfrei,15.12.25,Herbizid,NA
024645-00,Finalsan Unkrautfrei,15.12.25,Herbizid,NA
006193-64,Finalsan UnkrautFrei Plus,31.12.24,Herbizid,NA
024645-66,Finalsan UnkrautLos Speed,15.12.25,Herbizid,NA
024646-60,Finalsan UnkrautSpray,15.12.25,Herbizid,NA
007158-00,FINISH SX,30.06.24,Herbizid,NA
026298-00,Finy,31.03.27,Herbizid,NA
00B260-00,FIRST,31.12.31,Molluskizid,NA
008263-00,Fixor 100 SL,31.12.24,Wachstumsregler,NA
008854-00,Flame,31.10.24,Herbizid,NA
028866-00,Flame Duo,31.12.31,Herbizid,NA
008866-00,Flame Duo,30.06.24,Herbizid,NA
008806-00,FLASH 500 SC,31.12.24,Herbizid,NA
008859-60,FLEET,31.10.24,Herbizid,NA
007797-61,FLEXA,15.12.25,Wachstumsregler,NA
043673-00,FLEXIDOR,31.12.24,Herbizid,NA
025311-00,Flexity,15.12.25,Fungizid,NA
00A489-00,FLEXURE,31.07.24,Fungizid,NA
00B030-00,Flim,28.02.25,Fungizid,NA
024657-00,Flint,30.06.24,Fungizid,NA
044657-00,Flint,31.07.34,Fungizid,NA
00A283-00,FLiPPER,15.12.25,"Akarizid, Insektizid",NA
00B186-00,Floralife Bulb 100,31.08.25,Wachstumsregler,NA
00B185-00,Floralife Tulipa,15.11.25,Wachstumsregler,NA
006823-00,Floramite 240 SC,31.07.24,Akarizid,NA
060122-79,FLORASELF Select Rasendünger mit Unkrautvernichter,31.12.26,Herbizid,NA
024426-60,FLORBAC,30.04.25,Insektizid,NA
008038-00,Florgib Tablets,15.07.26,Wachstumsregler,NA
00A452-63,Florissa Natürlich Schneckenkorn BIO,31.12.31,Molluskizid,NA
00A455-62,Florissa Natürlich Schneckenkorn extra stark BIO,31.12.31,Molluskizid,NA
024459-60,FLOVINE,31.07.24,Fungizid,NA
024256-62,Flovine SC,31.07.24,Fungizid,NA
008886-00,Flowbrix,30.06.24,Fungizid,NA
00A501-00,Flua Power,31.12.24,Herbizid,NA
00A024-00,Fluazinova,15.04.27,Fungizid,NA
008859-00,FLUENT 500 SC,31.10.24,Herbizid,NA
00A875-00,Flurostar Forte,31.12.25,Herbizid,NA
008413-00,FLUROSTAR XL,31.12.25,Herbizid,NA
008981-00,FLUROSTAR 200,31.12.25,Herbizid,NA
006914-00,Fluroxane,31.12.25,Herbizid,NA
006914-66,Fluroxane 180 EC,31.12.25,Herbizid,NA
00A590-62,FLUROXYCARE,31.12.25,Herbizid,NA
008670-60,Flusha,31.12.24,Herbizid,NA
00A797-00,FLYER,31.12.31,Herbizid,NA
033964-00,Focus Ultra,31.12.25,Herbizid,40
00A089-00,FOLGUT 80 WG,31.07.24,Fungizid,NA
034028-00,Folicur,31.08.24,"Fungizid, Wachstumsregler",31.6
008116-00,Follow 333,31.12.25,Herbizid,NA
00B040-00,Folpan Gold,15.02.26,Fungizid,NA
024256-00,FOLPAN 500 SC,31.07.24,Fungizid,NA
024459-00,Folpan 80 WDG,31.07.24,Fungizid,NA
00A173-00,Foray 76 B,15.08.25,Insektizid,NA
034006-00,Force 20 CS,31.12.27,Insektizid,NA
034315-00,Forum,15.02.26,Fungizid,NA
006393-00,Forum Gold,31.08.25,Fungizid,NA
043099-61,Fosetyl Pilzfrei,15.03.26,Fungizid,NA
008838-60,FOSHIELD,30.09.24,Fungizid,NA
024193-00,Fox,31.12.26,Herbizid,NA
008400-62,FRANZI,31.10.24,Herbizid,NA
008357-62,FRAXION,30.11.24,Herbizid,NA
008670-00,FREQUENT,31.12.24,Herbizid,NA
00A442-60,Frequent Max,31.12.24,Herbizid,NA
008443-00,FRESCO,31.12.25,Herbizid,NA
024511-00,Frisin,31.12.26,Insektizid,NA
034092-61,Frowncide,15.04.27,Fungizid,NA
00A949-60,"FruitSmart 3,3 VP",31.07.35,Wachstumsregler,NA
007839-60,Frutogard,30.09.24,Fungizid,NA
006179-00,Fuego,31.07.26,Herbizid,NA
007459-00,Fuego Top,31.07.24,Herbizid,39.3
024560-63,Fungisan Gemüse-Pilzfrei,30.06.24,Fungizid,NA
024560-77,Fungisan Rosen- und Buxus-Pilzfrei,30.06.24,Fungizid,NA
024560-69,Fungisan Rosen- und Gemüse-Pilzfrei,30.06.24,Fungizid,NA
024560-61,Fungisan Rosen-Pilzfrei,30.06.24,Fungizid,NA
006896-00,Funguran progress,30.09.24,Fungizid,NA
00A085-00,FUNGURAN-OH 50 WP,31.12.26,"Bakterizid, Fungizid",NA
024847-00,Fusilade MAX,31.12.24,Herbizid,32.4
006366-60,Fussa,15.01.27,Herbizid,NA
060122-78,FUXTEC Unkrautstopper mit Rasendünger,31.12.26,Herbizid,NA
028272-00,FYSIUM,31.07.35,Wachstumsregler,NA
00A259-00,FytoSave,22.04.31,Fungizid,NA
00A565-00,FytoSol,22.04.31,Fungizid,NA
026282-60,Gachinko,31.12.25,Fungizid,NA
00A077-00,GADAROCK,31.01.27,Fungizid,NA
008943-00,Gajus,30.09.24,Herbizid,NA
008772-60,Gala 334 SL,31.12.24,Herbizid,NA
006914-60,GALARANE,31.12.25,Herbizid,NA
007466-00,GALILEO,31.12.24,Fungizid,NA
024798-60,Gamit 36 AMT,31.12.25,Herbizid,NA
00A145-60,Ganifen,31.01.25,Fungizid,NA
024613-00,Gardo Gold,23.04.24,Herbizid,NA
060122-74,Gardol Rasen Dünger mit Unkrautvernichter,31.12.26,Herbizid,NA
008047-63,Gardol Rasendünger mit Moosvernichter,31.08.24,Herbizid,NA
007003-60,Garlon,15.12.25,Herbizid,NA
005747-64,gartenkraft Rasen Unkraut-Frei Dicotex,15.05.26,Herbizid,NA
008047-68,Gartenkrone Rasen Dünger mit Moosvernichter,31.08.24,Herbizid,NA
060122-66,Gartenkrone Rasen Dünger mit Unkrautvernichter,31.12.26,Herbizid,NA
060122-75,Gartenmeister Rasen Dünger mit Unkrautvernichter,31.12.26,Herbizid,NA
008047-60,Gartenmeister Rasendünger mit Moosvernichter,31.08.24,Herbizid,NA
060122-72,Gärtner's Rasen Dünger mit Unkrautvernichter,31.12.26,Herbizid,NA
008047-61,Gärtner's Rasendünger mit Moosvernichter,31.08.24,Herbizid,NA
052569-63,GASTOXIN PELLET,31.08.26,Insektizid,NA
007874-00,GAT DECLINE 2.5 EC,31.10.24,Insektizid,NA
00A566-00,GATTEN,14.04.30,Fungizid,NA
033986-62,Gemüse-Pilzfrei Polyram WG,28.05.24,Fungizid,NA
024560-66,Gemüse-Pilzfrei Saprol,30.06.24,Fungizid,NA
00A588-60,GENKI,31.12.24,Herbizid,NA
026282-61,Genkotsu,31.12.25,Fungizid,NA
008400-64,GENOLANE Defense 12,31.10.24,Herbizid,NA
008485-61,GENOLANE Delta 45,31.10.26,Insektizid,NA
008674-60,GENOLANE Eminent 125,31.12.24,Fungizid,NA
00A398-60,GENOLANE Protect 37,15.08.26,Fungizid,NA
00A606-61,GENOLANE Sojus,30.09.24,Herbizid,NA
008484-62,GENOLANE TXP 31,15.12.25,Wachstumsregler,NA
008288-63,GENOLANE Winde 13,31.12.26,Herbizid,NA
008633-00,Gentis,31.12.25,Herbizid,NA
007606-00,GEOXE,15.06.26,Fungizid,NA
007808-60,GEXXO,30.11.24,Wachstumsregler,NA
008089-00,GF-2545,31.12.24,Herbizid,NA
008147-00,GF-2573,05.08.26,Herbizid,NA
008831-00,GF-2644,05.08.26,Herbizid,NA
00A685-00,GF-3967,15.08.26,Herbizid,NA
006898-00,GIBB PLUS,15.07.26,Wachstumsregler,NA
005879-00,Gibb 3,31.08.24,Wachstumsregler,NA
008418-00,GIBER GOBBI 10,15.07.26,Wachstumsregler,NA
007851-60,Giftweizen ArvaStop,30.04.25,Rodentizid,NA
025287-62,GLACIS,15.08.26,Fungizid,NA
043274-00,Glanzit Schneckenkorn,31.05.24,Molluskizid,NA
043274-60,Glanzit Schneckenkorn Duplex,31.05.24,Molluskizid,NA
004506-00,"Glanzit Schneckenkorn """"Euro""""",31.12.27,Molluskizid,NA
043274-69,Glanzit Schneckenkorn High Quality,31.05.24,Molluskizid,NA
043274-77,Glanzit SCHNECKENSTOPP,31.05.24,Molluskizid,NA
00A782-00,Glister Ultra,15.12.24,Herbizid,NA
006166-00,GLOBARYLL 100,31.08.25,Wachstumsregler,NA
025090-61,Globaztar AZT 250 SC,31.12.24,Fungizid,NA
008990-00,GLOBAZTAR SC,31.12.25,Fungizid,NA
008309-60,Glotron Neo,31.07.25,Herbizid,NA
00A190-00,Glotron 700 SC,31.08.26,Herbizid,NA
025937-00,Glyfos Dakar,15.12.24,Herbizid,NA
072389-75,Glyphogan,15.12.24,Herbizid,NA
008500-00,Gnatrol SC,15.08.25,Insektizid,NA
008419-00,GOBBI GIB 4 LG,15.07.26,Wachstumsregler,NA
006470-00,Goltix Gold,31.08.26,Herbizid,36
025037-00,GOLTIX Super,31.12.24,Herbizid,NA
007529-00,GOLTIX TITAN,31.07.25,Herbizid,37.8
034060-60,GRAMFIX,30.11.24,Herbizid,NA
034060-62,GRAMIN,30.11.24,Herbizid,NA
008402-00,GRANPROTEC,31.10.26,Insektizid,NA
00A603-00,GRAPHITE,31.07.24,Fungizid,NA
008386-60,Grasser 100 EC,30.11.24,Herbizid,NA
008664-00,GRASSROOTER,31.07.24,Wachstumsregler,NA
007957-61,GRECALE,28.02.25,Fungizid,NA
008470-60,Green Doctor,30.04.25,Fungizid,NA
00B050-00,Greenforce 4 in 1 Rasendünger Unkraut und Mooskiller,31.12.24,Herbizid,NA
060122-99,Greentime UV Unkrautvernichter mit Rasendünger,31.12.26,Herbizid,NA
060122-83,Greentower Unkrautvernichter mit Rasendünger,31.12.26,Herbizid,NA
00A678-00,GRETEG,31.12.26,Fungizid,NA
028972-00,Grifon SC,31.12.26,Fungizid,NA
006220-60,GROOVE,31.01.25,Herbizid,NA
035671-00,GROPPER SX,31.03.27,Herbizid,NA
060122-77,Grün erleben Rasendünger mit Unkrautvernichter,31.12.26,Herbizid,NA
060122-82,Hack Unkrautvernichter mit Rasendünger,31.12.26,Herbizid,NA
060122-94,HaGaFe Unkrautvernichter mit Rasendünger,31.12.26,Herbizid,NA
00A555-00,Haksar Turbo 340 SL,31.10.24,Herbizid,NA
008675-00,HAKSAR Ultra 260 EW,31.01.25,Herbizid,NA
007176-00,HAKSAR 500 SL,31.10.24,Herbizid,NA
008124-60,HALDIS 100 SC,31.12.24,Herbizid,NA
008422-62,Halmstärker Ethephon Plus,15.11.25,Wachstumsregler,NA
00A579-00,HALVETIC,15.12.24,Herbizid,NA
00A723-00,Harmonix Turf Defense,30.04.24,Fungizid,NA
005950-00,HARMONY SX,30.06.24,Herbizid,1618.9
00B168-00,HARPUN,31.07.36,Insektizid,NA
008989-00,Helioterpen Schwefel,15.04.26,Fungizid,NA
007519-00,HELOCUR,31.08.24,"Fungizid, Wachstumsregler",NA
007519-62,Helocur 250 EW,31.08.24,"Fungizid, Wachstumsregler",NA
027385-60,Helosate 450 TF,15.12.24,Herbizid,NA
00A497-61,HELSINKI,31.07.24,Fungizid,NA
024780-67,Herba-Vetyl flüssig,31.08.24,Insektizid,NA
008529-63,Herbistop Ultra,15.12.25,Herbizid,NA
026488-00,HERITAGE,31.12.25,Fungizid,NA
005878-00,Herold SC,31.12.24,Herbizid,99.7
008249-00,Hexythiazox 250 SC,25.05.25,Akarizid,NA
00A584-00,HILL-STAR,31.12.25,Fungizid,NA
026865-61,Himalaya 60 SG,31.10.33,Wachstumsregler,NA
00A860-00,Hingios,31.05.27,Wachstumsregler,NA
025691-60,HINODE,31.08.24,Insektizid,NA
034837-61,Hinoki,31.07.33,Herbizid,NA
00A814-00,HINT,31.12.24,Fungizid,NA
024128-00,Hoestar,15.08.26,Herbizid,NA
024778-00,Hoestar Super,31.10.24,Herbizid,127.4
034028-60,Horizon,31.08.24,"Fungizid, Wachstumsregler",NA
00A415-00,HUKKATA 500 SC,31.12.26,Herbizid,NA
00A554-00,Hurler,31.12.25,Herbizid,NA
006209-00,Husar OD,31.07.24,Herbizid,NA
027603-00,Husar PLUS,31.03.33,Herbizid,NA
034028-63,Hutton,31.08.24,"Fungizid, Wachstumsregler",NA
00A482-00,HYCOP,31.12.26,Fungizid,NA
024895-62,HYGANEX-Perfekt,30.06.24,Herbizid,NA
008405-61,HYPONTUS,02.03.27,Fungizid,NA
008818-00,Ikanos,31.12.26,Herbizid,NA
026979-00,Imbrex XE,31.05.26,"Fungizid, Wachstumsregler",NA
006275-62,Immergrün Rasendünger plus Moosvernichter,31.08.24,Herbizid,NA
027821-65,Immergrün Rasendünger plus Unkrautvernichter,31.12.24,Herbizid,NA
00A552-00,Incelo,30.09.25,Herbizid,NA
025876-00,Infinito,31.05.24,Fungizid,30.5
060122-85,iNG Dünger mit UV,31.12.26,Herbizid,NA
007932-60,Inigo,31.12.25,Herbizid,NA
00A536-61,Initial Pro,15.08.26,Fungizid,NA
028610-61,Inixio Plus,15.08.26,Herbizid,NA
007818-60,InnoProtect Antarktis,31.12.26,Herbizid,NA
024602-60,InnoProtect ARTUS,30.06.24,Herbizid,578.1
033838-62,InnoProtect Boxer,30.04.24,Herbizid,NA
006288-60,InnoProtect Butisan Kombi,31.12.24,Herbizid,NA
044660-63,InnoProtect Callisto,31.05.33,Herbizid,NA
024587-60,Innoprotect Dual Gold,23.04.24,Herbizid,NA
008406-60,InnoProtect ELATUS ERA,02.03.25,Fungizid,80
006960-60,Innoprotect Elumis,31.12.24,Herbizid,NA
006839-60,InnoProtect Pendi 400 SC,31.12.24,Herbizid,NA
044622-60,InnoProtect Primus,31.12.31,Herbizid,NA
025078-60,InnoProtect Quantum,31.01.25,Herbizid,NA
025323-66,InnoProtect Schneckenkorn,31.05.24,Molluskizid,NA
008201-61,InnoProtect Schneckenkorn E III P,31.12.31,Molluskizid,NA
007738-00,Innovate,31.12.26,Herbizid,NA
00A469-61,INNOX Pro,31.07.24,Fungizid,NA
025625-00,Input Classic,31.07.24,Fungizid,64.8
008930-00,Input Triple,31.07.24,Fungizid,NA
026778-00,Input Xpro,31.12.24,Fungizid,67.7
008402-60,INSEKTENIL CROP Protect EC,31.10.26,Insektizid,NA
00A494-60,INSEKTENIL CROP Protect ULV,31.10.26,Insektizid,NA
006339-60,INSEKTENIL- VoraProtectULV-Profi,31.10.26,Insektizid,NA
006408-00,INSEKTENIL-Naturpyrethrum-Spray,31.08.26,Insektizid,NA
033141-00,INSEKTENIL-Raumnebel-fuerte,31.08.26,Insektizid,NA
006423-00,INSEKTENIL-RAUMNEBEL-SPRAY,15.06.26,Insektizid,NA
006331-60,INSEKTENIL-VORAProtect,31.10.26,Insektizid,NA
00A759-00,Insure Duo,15.09.26,Fungizid,NA
008804-00,Integral Pro,16.09.27,"Fungizid, Sonstige",NA
008659-60,Intuity,09.12.26,Fungizid,NA
00A456-00,IRONCLAD,31.12.31,Molluskizid,NA
00A096-00,IRONMAX PRO,31.12.31,Molluskizid,NA
00A432-00,ISERAN,15.06.26,Herbizid,NA
006945-00,Isomate OFM rosso FLEX,31.12.24,Pheromon,NA
006978-00,Isonet LE,31.12.24,Pheromon,NA
026978-00,Isonet LE,30.08.38,Pheromon,NA
00A421-00,Isonet T,31.08.24,Pheromon,NA
007233-00,ITCAN SL 270,31.12.24,Wachstumsregler,NA
027233-00,ITCAN SL 270,31.10.33,Wachstumsregler,NA
008126-00,JADEX-O-720,30.11.24,Wachstumsregler,NA
007213-60,JAGUAR,31.07.24,Insektizid,NA
060122-90,Janssen Unkrautvernichter + Rasendünger,31.12.26,Herbizid,NA
008838-65,JISAPHOS,30.09.24,Fungizid,NA
026778-60,JORDI,31.12.24,Fungizid,NA
00B141-60,JUNIPER MAX,31.08.27,Herbizid,NA
008324-00,JURA,31.12.24,Herbizid,NA
008837-63,KAFOM K,30.09.24,Fungizid,NA
00A588-00,KAGURA,31.12.24,Herbizid,NA
006387-00,Kaiso Sorbie,31.12.24,Insektizid,NA
00B068-00,KALAMOS,30.11.24,Herbizid,NA
00A311-00,KAMBA 480 SL,31.12.26,Herbizid,NA
008288-61,KAMPEKI,31.12.26,Herbizid,NA
007679-60,KAMUY,31.12.26,Fungizid,NA
025855-00,Kanemite SC,31.12.24,Akarizid,NA
007958-62,Kanos,31.12.26,Herbizid,NA
00A156-60,Kantaro,30.09.24,Insektizid,NA
00B099-60,Kapparon,31.08.25,Fungizid,NA
005618-00,KARATE FORST flüssig,30.06.24,Insektizid,NA
024675-00,Karate Zeon,30.09.24,Insektizid,149.5
008986-60,KARATE 0.4GR,31.03.25,Insektizid,NA
024034-62,KAROLUS WR,15.11.25,Wachstumsregler,NA
006911-00,Katamaran Plus,31.07.25,Herbizid,NA
034837-60,Katana,31.07.33,Herbizid,NA
008527-00,KATOUN GOLD,15.12.25,Herbizid,NA
006306-00,Kayak,15.03.26,Fungizid,NA
00A979-00,Kelsos,15.04.27,Fungizid,NA
034409-64,KELVIN ULTRA,31.12.24,Herbizid,NA
00A504-60,KENDO CLASSIC,31.10.26,Herbizid,NA
008662-00,Kenja,15.09.27,Fungizid,NA
008663-00,Kenja,15.09.27,Fungizid,NA
006220-00,Kerb FLO,31.01.25,Herbizid,NA
060122-68,KEYZERS UNKRAUT-EX,31.12.26,Herbizid,NA
008309-00,Kezuro,31.07.25,Herbizid,NA
008337-00,Kideka,30.11.24,Herbizid,NA
00A652-00,KINGSTON,31.03.25,Herbizid,NA
008450-00,KINVARA,31.10.24,Herbizid,NA
024138-00,Kiron,15.06.27,Akarizid,NA
006914-65,KlettWeg,31.12.25,Herbizid,NA
005686-60,Klick&GO Schädlingsfrei Careo Konzentrat,31.01.25,Insektizid,NA
006331-00,K-Obiol EC25,31.10.26,Insektizid,NA
006339-00,K-Obiol ULV6,31.10.26,Insektizid,NA
034496-62,Kölle Schneckenkorn,31.12.31,Molluskizid,NA
060122-73,Kölle's Bester Rasen Dünger mit Unkrautvernichter,31.12.26,Herbizid,NA
005603-60,KOROMITE,15.02.26,Akarizid,NA
008938-00,Korvetto,30.04.24,Herbizid,NA
028938-00,Korvetto,05.08.26,Herbizid,NA
008662-60,Kryor,15.09.27,Fungizid,NA
008407-00,Kudos,31.12.24,Wachstumsregler,NA
007547-00,Kumar,31.08.24,Fungizid,NA
052273-00,Kumulus WG,31.12.24,"Akarizid, Fungizid",NA
007480-00,KUSABI,31.12.27,Fungizid,NA
008146-00,Kusabi Max,31.08.24,Fungizid,NA
024675-60,KUSTI,30.09.24,Insektizid,NA
007200-00,Kyleo,15.12.24,Herbizid,NA
00A974-00,La Paz,31.07.24,Fungizid,NA
00A606-62,LAGERLAND Challenger,30.09.24,Herbizid,NA
008485-62,LAGERLAND Elite 45,31.10.26,Insektizid,NA
00A398-61,LAGERLAND Prevent,15.08.26,Fungizid,NA
008674-61,LAGERLAND Tetra 125,31.12.24,Fungizid,NA
008484-61,LAGERLAND Vita Go 31,15.12.25,Wachstumsregler,NA
008288-62,LAGERLAND Winde 13,31.12.26,Herbizid,NA
00A404-62,LAIBA,31.12.25,Fungizid,NA
00B003-61,Laiba Top,31.12.25,Fungizid,NA
00A596-00,LAITANE,15.03.26,Fungizid,NA
00A931-00,LALGUARD M52 GR,30.04.25,Insektizid,NA
007837-00,LALGUARD M52 OD,30.04.25,"Akarizid, Insektizid",NA
034346-00,LALSTOP CONTANS WG,31.07.33,Fungizid,NA
060122-89,Landfuxx Premium Q7 Rasendünger mit Unkrautvernichter,31.12.26,Herbizid,NA
026923-61,Landmaster Supreme 480 TF,15.12.24,Herbizid,NA
072389-84,Landmaster TF,15.12.24,Herbizid,NA
024264-00,LANDOR CT,31.08.24,Fungizid,NA
008047-72,Landscaper Pro Moss Control + Fertiliser,31.08.24,Herbizid,NA
060122-62,Landscaper Pro Weed Control,31.12.26,Herbizid,NA
00A853-00,Largo,15.07.26,Wachstumsregler,NA
00A897-00,Latifam,30.06.34,Fungizid,NA
00A449-00,Latifam Extra,31.10.24,Fungizid,NA
044862-00,Latitude,30.06.34,Fungizid,NA
027795-00,Latitude XL,30.06.34,Fungizid,NA
026255-00,Laudis,31.12.24,Herbizid,NA
007463-00,Laudis WG,31.12.24,Herbizid,NA
027207-60,LBG-01F34,30.09.24,Fungizid,NA
006345-00,Leander,31.12.24,Fungizid,NA
008745-00,LEGADO,31.12.25,Fungizid,NA
026282-00,Leimay,31.12.25,Fungizid,NA
00A123-00,Lenox,31.12.25,Herbizid,NA
033231-00,Lentagran WP,31.08.24,Herbizid,NA
043753-00,Lentipur 700,31.10.24,Herbizid,NA
00A391-00,Leopard,30.11.26,Herbizid,NA
008449-00,Lepinox Plus,30.04.25,Insektizid,NA
00A152-00,Libeccio,15.06.26,Herbizid,NA
008431-00,Liberator Pro,31.12.24,Herbizid,NA
007969-00,Librax,15.03.26,"Fungizid, Wachstumsregler",NA
007213-61,LIFE SCIENTIFIC LAMBDA-CYHALOTHRIN,31.07.24,Insektizid,NA
008404-00,LIMA ORO 3,31.05.24,Molluskizid,NA
008471-00,Lima Oro 5,31.05.24,Molluskizid,NA
025323-69,LimaDisque,31.05.24,Molluskizid,NA
034028-66,Limane,31.08.24,"Fungizid, Wachstumsregler",NA
008022-00,LIMARES TECHNO,31.05.24,Molluskizid,NA
00A921-00,Limocide,31.07.25,"Akarizid, Fungizid, Insektizid",NA
025090-64,LINCANO,31.12.24,Fungizid,NA
024436-69,Lizetan AZ Schädlingsfrei,31.08.25,Insektizid,NA
024436-70,Lizetan AZ Schädlingsfrei Gie?mittel,31.08.25,Insektizid,NA
024080-62,Lizetan Buchsbaumzünslerfrei,15.08.25,Insektizid,NA
006788-65,Lizetan Buchsbaumzünslerfrei AF,31.10.24,Insektizid,NA
024785-75,Lizetan Orchideen- & Zierpflanzenspray,31.08.24,Insektizid,NA
024785-76,Lizetan Orchideen-Spray AF,31.08.24,Insektizid,NA
008252-60,Lizetan Plus Blattlausfrei AF,09.12.26,Insektizid,NA
008694-00,Lizetan Plus Combistäbchen,09.12.26,Insektizid,NA
00A001-60,Lizetan Plus Schädlingsfrei,09.12.26,Insektizid,NA
008252-00,Lizetan Plus Schädlingsfrei AF,09.12.26,Insektizid,NA
024426-64,Lizetan Raupen- & Zünslerfrei,30.04.25,Insektizid,NA
024785-77,Lizetan Zierpflanzen- & Rosen-Spray,31.08.24,Insektizid,NA
00A265-00,Lodin,31.12.25,Herbizid,NA
006914-63,Lodin EC,31.12.25,Herbizid,NA
008124-61,LOGANO 100 SC,31.12.24,Herbizid,NA
007865-00,LONTREL 600,30.04.25,Herbizid,NA
006851-00,LONTREL 720 SG,31.12.24,Herbizid,NA
005747-69,Loredo Quattro Universal-Rasenunkrautfrei,15.05.26,Herbizid,NA
024034-61,Lotus Ethephon,15.11.25,Wachstumsregler,NA
007180-00,LS AZOXY,31.12.25,Fungizid,NA
008996-61,LS Mesolodo,30.06.24,Herbizid,NA
00A896-00,LS PROTHIO METCO,15.03.26,Fungizid,NA
00B087-60,LS-PYRAC,31.01.25,Fungizid,NA
044660-67,Lumestra,31.05.33,Herbizid,NA
044660-65,Lumica,31.05.33,Herbizid,NA
00A129-00,Lumiposa,14.09.27,Insektizid,NA
00A129-60,Lumiposa Xtra OSR,14.09.27,Insektizid,NA
00A994-00,Lumisena,03.03.28,Fungizid,NA
008536-00,Luna Care,31.01.25,Fungizid,NA
026861-00,Luna Experience,31.08.24,Fungizid,NA
008479-00,Luna Max,31.12.24,Fungizid,NA
007214-00,Luna Sensation,31.12.24,Fungizid,NA
005950-60,Lupus SX Mais,30.06.24,Herbizid,NA
034028-61,Lynx,31.08.24,"Fungizid, Wachstumsregler",NA
008414-00,LYSKAMM,31.12.26,Herbizid,NA
00A553-00,Maceta 100,30.11.26,Herbizid,NA
00A485-00,Maceta 50,30.11.24,Herbizid,NA
00A280-00,Madex Apfelwicklerfrei,30.04.25,Insektizid,NA
006903-00,Madex MAX,15.08.25,Insektizid,NA
00A417-00,Madex TOP,30.04.25,Insektizid,NA
007026-00,MAGNELLO,31.12.25,Fungizid,NA
008603-00,MAINSPRING,14.09.27,Insektizid,NA
00A076-60,Mais Banvel Flüssig,31.12.26,Herbizid,NA
024440-00,Mais-Banvel WG,31.12.26,Herbizid,74.1
007424-00,MaisTer power,31.12.25,Herbizid,55.5
024834-00,Malibu,30.11.25,Herbizid,17.7
005177-00,Malvin WG,15.11.25,Fungizid,NA
007808-00,Manipulator,30.11.24,Wachstumsregler,NA
060122-76,MANNA DUR UV Rasendünger mit Unkrautvernichter,31.12.26,Herbizid,NA
044660-62,Maran,31.05.33,Herbizid,NA
00A163-00,Mateno Duo,31.12.24,Herbizid,NA
00A711-00,Matrican 100 SC,31.12.31,Herbizid,NA
00B047-60,Mattium,31.08.24,Fungizid,NA
024353-61,MAVITA 250 EC,31.12.24,Fungizid,NA
024218-00,Mavrik Vita,31.08.24,Insektizid,NA
006968-00,MaxCel,31.08.25,Wachstumsregler,NA
034676-00,MAXIM XL,31.05.24,Fungizid,NA
008516-00,Maxim 480 FS,15.06.26,Fungizid,NA
00B152-00,MCOY,15.02.26,Fungizid,NA
060939-68,MCPA 500,31.10.24,Herbizid,NA
008105-00,MEDALLION TL,15.06.26,Fungizid,NA
025620-00,Medax Top,28.02.25,Wachstumsregler,NA
050498-64,Mehltau-Frei Asulfa Jet,31.12.24,Fungizid,NA
025215-00,Melody Combi,15.02.26,Fungizid,NA
008746-00,Meltatox,30.11.27,Fungizid,NA
007519-61,Memphis,31.08.24,"Fungizid, Wachstumsregler",NA
044407-00,MENNO Florades,31.08.33,Desinfektionsmittel,NA
00A190-60,MEPHISTO 700 SC,31.08.26,Herbizid,NA
00B119-00,MEPISHA,28.02.25,Wachstumsregler,NA
044660-66,Meristo,31.05.33,Herbizid,NA
008993-00,Merkur,31.10.24,Herbizid,NA
00A980-00,Merlin Flexx,31.07.35,Herbizid,NA
007031-00,Merpan 48 SC,31.12.26,Fungizid,NA
024519-00,Merpan 80 WDG,31.12.26,Fungizid,NA
008656-00,Merplus,15.11.25,Fungizid,NA
008548-00,Mertil,31.10.24,Herbizid,NA
008299-60,MESH,15.02.26,Herbizid,NA
008517-00,MesoStar,30.11.24,Herbizid,NA
044660-60,Mesotrione 100 SC,31.05.33,Herbizid,NA
024487-63,Metacur 60,15.03.26,"Fungizid, Wachstumsregler",NA
025323-70,MetaDisque,31.05.24,Molluskizid,NA
007402-61,MetaDisque 3%,31.12.27,Molluskizid,NA
005338-60,Metafol SC,31.08.26,Herbizid,31
00A534-00,Metafol Super,31.08.26,Herbizid,NA
025323-71,MetaPads,31.05.24,Molluskizid,NA
00A425-00,Metarex Duo,31.05.24,Molluskizid,NA
007828-00,Metarex Inov,31.05.24,Molluskizid,NA
007825-00,Metarex M,31.05.24,Molluskizid,NA
00A256-60,Metatron,31.08.26,Herbizid,NA
00A864-00,METOMOR F,15.02.26,Fungizid,NA
006588-00,METRIC,31.12.24,Herbizid,NA
008402-61,microsol- SP 2500,31.10.26,Insektizid,NA
00A494-61,microsol- SP 2500 ULV - RTU,31.10.26,Insektizid,NA
006408-60,microsol-bio-autofog,31.08.26,Insektizid,NA
006423-60,microsol-pyrho SP-autofog,15.06.26,Insektizid,NA
033141-61,microsol-pyrho-fluid,31.08.26,Insektizid,NA
006339-61,microsol-SP 3000 ULV-RTU,31.10.26,Insektizid,NA
006331-61,microsol-SP-3000,31.10.26,Insektizid,NA
024348-00,Microthiol Hopfen,31.12.24,Fungizid,NA
050498-65,Microthiol S,31.12.24,Fungizid,NA
008467-00,Microthiol WG,15.04.26,Fungizid,NA
043743-00,Micula,31.12.27,"Akarizid, Insektizid",NA
008299-61,MIKOSHI,15.02.26,Herbizid,NA
005945-61,MILAGRO forte,31.12.24,Herbizid,NA
005945-00,Milagro 6 OD,31.12.24,Herbizid,NA
005603-00,Milbeknock,15.02.26,Akarizid,NA
005603-61,Milbeknock Top,15.02.26,Akarizid,NA
024138-60,Milben-Ex Kiron,15.06.27,Akarizid,NA
008113-00,Mildicut,30.06.24,Fungizid,NA
007726-00,Milestone,01.01.25,Herbizid,NA
025625-63,MILORD,31.07.24,Fungizid,NA
024270-00,Mimic,31.05.25,Insektizid,NA
008589-00,Minecto One,14.09.27,Insektizid,NA
026682-62,Minixx,31.12.31,Molluskizid,NA
006914-64,Minstrel EC,31.12.25,Herbizid,NA
025090-60,MIRADOR 250 SC,31.12.24,Fungizid,NA
024256-61,MIRROR,31.07.24,Fungizid,NA
024504-00,Mistral,31.07.24,Herbizid,NA
00A256-00,Mitron 700 SC,31.08.26,Herbizid,NA
00A547-00,Mizona,15.09.26,Fungizid,NA
007797-00,Modan,15.12.25,Wachstumsregler,NA
007797-62,Modan 250 EC,15.12.25,Wachstumsregler,NA
007733-60,MODDEVO,15.12.25,Wachstumsregler,NA
024212-00,Moddus,15.12.25,Wachstumsregler,68.7
007733-00,MODDUS START,15.12.25,Wachstumsregler,NA
007733-61,MODOLAN DC,15.12.25,Wachstumsregler,NA
025323-65,MOLLUSTOP,31.05.24,Molluskizid,NA
026682-60,Molluxx,31.12.31,Molluskizid,NA
027700-00,MON 76473,15.12.24,Herbizid,NA
008671-00,MON 76473-SL,15.12.24,Herbizid,NA
027701-00,MON 76476,15.12.24,Herbizid,NA
006921-00,MON 79351,15.12.24,Herbizid,NA
027535-00,MON 79991,15.12.24,Herbizid,NA
007525-00,MON 79991-SG,31.12.24,Herbizid,NA
00A560-00,Moncut,15.06.26,Fungizid,NA
008627-61,MONEO,30.11.24,Herbizid,NA
00A634-00,MONEX,31.12.24,Wachstumsregler,NA
007702-00,MON76478,15.12.24,Herbizid,NA
024645-65,MOOS-FREI ORGANIC,15.12.25,Herbizid,NA
026979-60,Morex,31.05.26,"Fungizid, Wachstumsregler",NA
005655-00,Mospilan SG,28.02.25,Insektizid,103.9
005945-63,Motivell Extra 6 OD,31.12.24,Herbizid,NA
005945-64,Motivell Forte,31.12.24,Herbizid,NA
026554-00,Movento OD 150,30.04.24,Insektizid,NA
008860-00,Movento SC 100,30.04.24,Insektizid,NA
008007-00,Movento SC 100,30.04.24,Insektizid,NA
007943-00,MOXA,15.12.25,Wachstumsregler,NA
007797-60,MOXA 250,15.12.25,Wachstumsregler,NA
00A647-00,MULAN 700 WG,31.05.25,Fungizid,NA
00A647-61,MULLOMO 700 WG,31.05.25,Fungizid,NA
00B152-60,MULTIVO,15.02.26,Fungizid,NA
006766-00,MURENA 500,31.10.24,Herbizid,NA
008362-60,NACETO,31.12.24,Herbizid,NA
007032-00,Nando 500 SC,15.04.27,Fungizid,NA
00A400-00,Naprop 450,31.12.24,Herbizid,NA
008025-00,NARITA,31.12.26,Fungizid,NA
007958-63,Narval,31.12.26,Herbizid,NA
00B076-00,NASA (Glyphosate 360 g/l SL),15.12.24,Herbizid,NA
007198-00,Naturalis,31.12.24,"Akarizid, Insektizid",NA
060122-59,Natureflix Rasendünger mit Unkrautvernichter,31.12.26,Herbizid,NA
043743-62,Naturen Austriebs-Spritzmittel,31.12.27,"Akarizid, Insektizid",NA
043743-64,Naturen Bio Austriebs-Spritzmittel,31.12.27,"Akarizid, Insektizid",NA
024345-69,Naturen Bio Moosfrei,31.08.26,Herbizid,NA
024345-71,Naturen Bio Rasen Moosfrei,31.08.26,Herbizid,NA
024436-64,Naturen Bio Schädlingsfrei Neem,31.08.25,Insektizid,NA
024213-71,Naturen Bio Schädlingsfrei Obst & Gemüse,31.08.24,"Akarizid, Insektizid",NA
024213-72,Naturen Bio Schädlingsfrei Zierpflanzen,31.08.24,"Akarizid, Insektizid",NA
008016-00,Naturen BIO Schneckenkorn,31.12.31,Molluskizid,NA
024345-70,Naturen Bio Unkrautfrei,31.08.26,Herbizid,NA
024213-67,Naturen Bio-Blattlausfrei,31.08.24,"Akarizid, Insektizid",NA
043743-65,Naturen Bio-Schädlingsfrei,31.12.27,"Akarizid, Insektizid",NA
024213-68,Naturen Bio-Schildlausfrei,31.08.24,"Akarizid, Insektizid",NA
024213-64,Naturen Blattlausfrei,31.08.24,"Akarizid, Insektizid",NA
00A905-00,Naturen Limex,31.12.31,Molluskizid,NA
024345-67,Naturen Moosfrei,31.08.26,Herbizid,NA
043743-63,Naturen Schädlingsfrei,31.12.27,"Akarizid, Insektizid",NA
024213-69,Naturen Schädlingsfrei Obst und Gemüse,31.08.24,"Akarizid, Insektizid",NA
043743-66,Naturen Schädlingsfrei Obst und Gemüse Konzentrat,31.12.27,"Akarizid, Insektizid",NA
024213-70,Naturen Schädlingsfrei Zierpflanzen,31.08.24,"Akarizid, Insektizid",NA
043743-67,Naturen Schädlingsfrei Zierpflanzen Konzentrat,31.12.27,"Akarizid, Insektizid",NA
024213-65,Naturen Schildlausfrei,31.08.24,"Akarizid, Insektizid",NA
008520-00,Nealta,31.05.24,Insektizid,NA
024436-68,Neem Bio-Schädlingsfrei,31.08.25,Insektizid,NA
008911-00,Neem Duo Schädlingsfrei,31.08.25,Insektizid,NA
006892-00,Neem Plus Schädlingsfrei,31.12.24,Insektizid,NA
024436-00,NeemAzal-T/S,31.08.25,Insektizid,NA
005005-00,NEMATHORIN 10G,31.10.24,Nematizid,NA
00A569-00,Nervure,30.11.24,Herbizid,NA
050006-00,Netzschwefel Stulln,31.12.24,Fungizid,NA
050006-60,Netz-Schwefelit WG,31.12.24,Fungizid,NA
00A122-00,NEU 1153 I EC,31.08.26,Insektizid,NA
025956-00,NEU 1165 M,31.12.31,Molluskizid,NA
026682-00,NEU 1181 M,31.12.31,Molluskizid,NA
027744-00,NEU 1186 M,31.12.31,Molluskizid,NA
008500-60,Neudomück Pro,15.08.25,Insektizid,NA
034210-00,Neudosan AF Neu Blattlausfrei,15.12.25,"Akarizid, Insektizid",NA
034207-60,Neudosan Neu,15.12.25,"Akarizid, Insektizid",NA
034207-00,Neudosan Neu Blattlausfrei,15.12.25,"Akarizid, Insektizid",NA
034207-61,Neudosan Obst-& GemüseSchädlingsFrei,15.12.25,"Akarizid, Insektizid",NA
025631-00,Nexide,31.03.26,Insektizid,NA
005314-61,NEXSUBA,15.03.26,Insektizid,NA
008484-00,NEXT,15.12.25,Wachstumsregler,NA
008996-00,NIANTIC,30.06.24,Herbizid,NA
006946-00,NICOGAN,31.12.26,Herbizid,NA
008384-60,NICORON,31.12.26,Herbizid,NA
008384-00,NICOSH 4% OD,31.12.26,Herbizid,NA
025306-00,Nimbus CS,15.06.26,Herbizid,NA
00A281-00,Nimrod EC,31.05.25,Fungizid,NA
034409-00,NISSHIN,31.12.24,Herbizid,NA
005945-60,NISSHIN EXTRA 6 OD,31.12.24,Herbizid,NA
00B156-00,NOKAUT,15.03.26,Insektizid,NA
006447-00,NOVAGIB,15.07.26,Wachstumsregler,NA
007366-00,Novitron DamTec,31.12.24,Herbizid,NA
024895-00,Nozomi,30.06.24,Herbizid,NA
006281-61,Nufosate,15.12.24,Herbizid,NA
005338-62,Nymeo,31.08.26,Herbizid,NA
00A607-60,OBELISK,31.03.33,Herbizid,NA
00A533-00,Oblix,31.10.32,Herbizid,NA
007481-00,OCEAL,31.12.25,Herbizid,NA
034092-60,Ohayo,15.04.27,Fungizid,NA
008113-60,OKUBI,30.06.24,Fungizid,NA
025287-65,OLBRAN,15.08.26,Fungizid,NA
008464-60,OMIX,15.06.26,Fungizid,NA
008541-60,OMIX DUO,31.08.24,Fungizid,NA
008271-00,OMNERA LQM,31.12.25,Herbizid,NA
008118-00,Onyx,31.12.31,Herbizid,NA
005322-60,Oratio 40 WG,31.03.25,Herbizid,NA
008249-60,Ordoval,25.05.25,Akarizid,NA
007874-60,Orefa Delta M,31.10.24,Insektizid,NA
00A900-00,Organic CARBOxid,30.04.38,"Akarizid, Insektizid",NA
060122-58,organtic Rasendünger mit Unkrautvernichter,31.12.26,Herbizid,NA
00B087-61,ORIA,31.01.25,Fungizid,NA
006341-00,Orius,31.08.24,Fungizid,NA
008422-00,Ormet,15.11.25,Wachstumsregler,NA
008489-00,ORMET PLUS,31.07.24,Wachstumsregler,NA
008945-60,Orondis,03.03.28,Fungizid,NA
00A426-00,Orondis Plus,03.03.28,Fungizid,NA
00A191-60,Orpen,31.12.25,Herbizid,NA
005177-60,Orthocid,15.11.25,Fungizid,NA
024560-00,Ortiva,30.06.24,Fungizid,41.3
024560-71,Ortiva Pilz-frei,30.06.24,Fungizid,NA
026833-00,Orvego,31.12.24,Fungizid,NA
00B213-00,Overtake,31.12.25,Herbizid,NA
00B003-00,Pablo,31.12.25,Fungizid,NA
028610-60,Pacifica Plus,15.08.26,Herbizid,NA
008422-61,PADAWAN PLUS,15.11.25,Wachstumsregler,NA
00B226-00,Padelli,15.08.26,Fungizid,NA
00A045-63,PALERMO 720,30.11.24,Wachstumsregler,NA
008400-61,PALISADE,31.10.24,Herbizid,NA
005190-00,Panarex,30.11.24,Herbizid,NA
00A902-00,Panorama,15.03.26,Fungizid,NA
005190-61,Pantera,30.11.24,Herbizid,NA
00A497-62,PANTHER 250 EC,31.07.24,Fungizid,NA
030526-00,Para Sommer,15.08.26,"Akarizid, Insektizid",NA
00A271-61,Patel 300 EC,31.07.24,Fungizid,NA
00A657-65,Patton,31.07.24,Fungizid,NA
004788-00,Peak,30.06.24,Herbizid,NA
00A469-60,Pecari 250 EC,31.07.24,Fungizid,NA
00A271-60,Pecari 300 EC,31.07.24,Fungizid,NA
027467-00,Pelican Delta,31.03.25,Herbizid,NA
008923-00,PENBOTEC 400SC,15.03.26,Fungizid,NA
00A677-00,PENSHUI,30.11.25,Herbizid,NA
00A908-00,Pergado,15.02.26,Fungizid,NA
006193-67,Permaclean Duo Unkraut & Wurzel-Ex,31.12.24,Herbizid,NA
006796-62,Permaclean Duo Unkraut & Wurzel-Ex AF,15.12.25,Herbizid,NA
00A351-00,Permaclean Spray,15.12.25,Herbizid,NA
025937-62,Permaclean Unkrautfrei,15.12.24,Herbizid,NA
00A089-60,PeroStar 80,31.07.24,Fungizid,NA
060122-95,Peters Rasendünger mit Unkrautvernichter,31.12.26,Herbizid,NA
024213-62,Pflanzen Paral Blattlaus-Frei S,31.08.24,"Akarizid, Insektizid",NA
024213-61,Pflanzen Paral Schädlings-Frei S,31.08.24,"Akarizid, Insektizid",NA
00A442-00,PHANTOM,31.12.24,Herbizid,NA
00B187-00,PHILLIP 50,15.02.26,Fungizid,NA
00A404-61,PHILON,31.12.25,Fungizid,NA
00B003-62,Philon Top,31.12.25,Fungizid,NA
008837-64,PHOSATE,30.09.24,Fungizid,NA
008837-60,PHOSFIK,30.09.24,Fungizid,NA
050879-00,PHOSTOXIN BAG,31.12.27,Insektizid,NA
043240-00,PHOSTOXIN BAG BLANKET,31.08.26,Insektizid,NA
052569-60,PHOSTOXIN PELLET,31.08.26,Insektizid,NA
050783-00,PHOSTOXIN TABLET,31.12.25,Insektizid,NA
033838-61,Phytavis Defi,30.04.24,Herbizid,NA
034107-61,PHYTAVIS NILAM,30.11.24,Herbizid,NA
062470-62,PHYTAVIS PIRIMAX G,15.03.26,Insektizid,NA
044622-62,Phytavis Primus,31.12.31,Herbizid,NA
00A501-61,PHYTAVIS Varlega,31.12.24,Herbizid,NA
006387-62,PHYTAVIS Venator,31.12.24,Insektizid,NA
025876-61,Phyto Gemüse-Pilzfrei,31.05.24,Fungizid,NA
00A336-00,Pico,30.06.32,Herbizid,NA
005017-00,Picona,30.06.24,Herbizid,NA
007667-61,Pilot Max,30.11.24,Herbizid,NA
00A325-62,Pilzfrei AF,31.08.24,Fungizid,NA
006867-62,Pilzfrei Saprol Rosen AF,31.08.24,Fungizid,NA
006867-63,Pilzfrei Saprol Zierpflanzen AF,31.08.24,Fungizid,NA
026979-61,Pioli,31.05.26,"Fungizid, Wachstumsregler",NA
006370-00,Piretro Verde,31.08.24,Insektizid,NA
00A529-00,PIRIM,15.03.26,Fungizid,NA
062470-00,PIRIMOR G,15.03.26,Insektizid,NA
007906-00,Pirouette,31.05.27,Wachstumsregler,NA
008749-00,Pistol RTU,15.12.24,Herbizid,NA
008296-00,Pixxaro EC,31.12.25,Herbizid,NA
006173-61,Plantaclean Label XL,15.12.24,Herbizid,NA
026173-61,Plantaclean Label XL,15.12.24,Herbizid,NA
006321-60,Plantaclean 450 Premium,15.12.24,Herbizid,NA
026321-60,Plantaclean 450 Premium,15.12.24,Herbizid,NA
008652-62,Plantamitron SC,31.08.26,Herbizid,NA
008047-62,Plantop Moosvernichter + Rasendünger,31.08.24,Herbizid,NA
060122-92,Plantop Unkrautvernichter + Rasendünger,31.12.26,Herbizid,NA
00A455-61,Plantura BIO Schneckenkorn,31.12.31,Molluskizid,NA
008115-60,PLAZA,15.08.26,Herbizid,NA
00A994-60,Plenaris,03.03.28,Fungizid,NA
024487-60,PLEXEO,15.03.26,"Fungizid, Wachstumsregler",NA
007957-60,Plexus,28.02.25,Fungizid,NA
00A711-60,Plonarius 100 SC,31.12.31,Herbizid,NA
008887-00,PMV-01,07.08.31,Virizid,NA
007737-00,POINTER Plus,30.09.24,Herbizid,637.7
005890-00,POINTER SX,31.07.24,Herbizid,NA
00A397-00,POLECI 2.5 EC,31.10.24,Insektizid,NA
007634-00,POL-Sulphur 80 WG,31.12.24,Fungizid,NA
007635-00,POL-Sulphur 80 WP,31.12.24,Fungizid,NA
007863-00,POL-Sulphur 800 SC,31.12.24,Fungizid,NA
00A639-00,POLUX,31.10.24,Insektizid,NA
00A715-00,Polygandron STP,30.04.25,Fungizid,NA
00A716-00,Polygandron TTP,30.04.25,Fungizid,NA
00A717-00,Polygandron WP,30.04.25,Fungizid,NA
033986-00,Polyram WG,28.05.24,Fungizid,15.3
008470-00,Polyversum,30.04.25,Fungizid,NA
008483-00,POMAX,15.03.26,Fungizid,NA
007481-61,PONANT,31.12.25,Herbizid,NA
008395-00,Pontos,31.10.24,Herbizid,NA
00B070-00,Pony 306 SE,31.12.31,Herbizid,NA
008529-64,Portland Garden Unkrautmittel,15.12.25,Herbizid,NA
006385-00,POTACUR SX,31.07.24,Herbizid,NA
007480-60,POWDRIO,31.12.27,Fungizid,NA
00A106-60,Power-Unkrautfrei WEEDEX Total,15.12.25,Herbizid,NA
00A107-60,Power-Unkrautfrei WEEDEX Total Konzentrat,15.12.25,Herbizid,NA
00A944-00,PRABHA,15.08.26,Fungizid,NA
00A361-00,PRAKTIS,15.08.26,Fungizid,NA
00A176-00,Prepper,15.06.26,Fungizid,NA
008247-00,Presidium,30.09.24,Fungizid,NA
027495-00,PRESTOP (WP),31.03.35,Fungizid,NA
00A594-00,PRETIL,15.03.26,Fungizid,NA
007474-00,PREV-AM,31.12.26,Insektizid,NA
008883-00,PREV-GOLD,30.04.25,"Akarizid, Fungizid, Insektizid",NA
006219-00,Previcur Energy,15.03.26,Fungizid,NA
008966-60,Prevint SC,31.07.24,Fungizid,NA
008180-00,Priaxor,31.01.25,Fungizid,NA
00A705-00,PRIDE,31.07.24,Fungizid,NA
024613-60,Primagram Gold,23.04.24,Herbizid,NA
007958-00,PRIMERO,31.12.26,Herbizid,NA
008361-00,PRIMO MAXX II,15.12.25,Wachstumsregler,NA
044622-00,Primus,31.12.31,Herbizid,NA
027521-00,Primus Perfect,30.09.24,Herbizid,150.2
006726-00,PRINCIPAL,15.08.26,Herbizid,NA
007011-00,Principal Plus,15.08.26,Herbizid,NA
00A659-00,PRIZE,15.06.26,Herbizid,NA
008263-60,proagro Naa SL,31.12.24,Wachstumsregler,NA
043444-60,proagro Schäl- und Fra?stopp,31.08.24,"Repellent, Wildschadenverhütungsmittel",NA
044267-60,proagro Wildverbissschutz,31.03.37,"Repellent, Wildschadenverhütungsmittel",NA
00A267-61,Procer 300 EC,31.07.24,Fungizid,NA
00A781-00,PROCLOVA,15.08.26,Herbizid,NA
00A755-60,ProCon,15.08.26,Fungizid,NA
008258-00,Prodax,31.12.24,Wachstumsregler,NA
00A424-00,PROFESSIONAL,31.10.26,Herbizid,NA
00B161-00,PROFESSOR,31.10.24,Herbizid,NA
008316-60,PROFI Azoxy XL,31.12.25,Fungizid,NA
024091-60,PROFI CTU,31.10.24,Herbizid,NA
043753-60,Profi CTU 700,31.10.24,Herbizid,NA
024034-60,Profi Ethephon 660,15.11.25,Wachstumsregler,NA
006220-61,Profi Flo 400 SC,31.01.25,Herbizid,NA
00A590-61,Profi Fluroxy,31.12.25,Herbizid,NA
007138-60,PROFI Fluroxy 200,31.12.25,Herbizid,NA
00A940-60,Profi Fluroxy 200 EC,31.12.25,Herbizid,NA
006914-62,Profi Fluroxypyr 180,31.12.25,Herbizid,NA
006470-60,Profi Goldbeet 700 SC,31.08.26,Herbizid,NA
024034-63,Profi Halmfestiger 660,15.11.25,Wachstumsregler,NA
00A617-60,Profi Halmstärker 660,31.07.24,Wachstumsregler,NA
060939-70,Profi M Fluid,31.10.24,Herbizid,NA
060939-69,Profi MCPA,31.10.24,Herbizid,NA
024504-61,Profi Metribuzin,31.07.24,Herbizid,NA
034107-62,PROFI SLIGA,30.11.24,Herbizid,NA
006427-60,Profi Tribenuron 75 WG,31.12.24,Herbizid,NA
072389-82,Profi 360,15.12.24,Herbizid,NA
044044-60,Profi 360 TF,15.12.24,Herbizid,NA
006914-61,PROFI-FLUROXYPYR,31.12.25,Herbizid,NA
026499-00,Profiler,31.12.24,Fungizid,NA
025287-61,PROFOUND,15.08.26,Fungizid,NA
025395-00,ProFume,31.10.24,Insektizid,NA
007679-00,PROLECTUS,31.12.26,Fungizid,NA
00A022-00,Proliant,15.07.26,Wachstumsregler,NA
025287-00,Proline,15.08.26,Fungizid,68.2
008403-00,Promalin,31.08.25,Wachstumsregler,NA
007932-00,Proman,31.12.25,Herbizid,NA
024172-62,Promanal AF GrünpflanzenSchädlingsFrei,31.12.24,"Akarizid, Insektizid",NA
024172-00,Promanal AF Neu Schild- und Wolllausfrei,31.12.24,"Akarizid, Insektizid",NA
008719-00,Promanal Agro,15.08.26,Akarizid,NA
008719-60,Promanal HP,15.08.26,Akarizid,NA
024182-62,Promanal Neu,31.12.24,"Akarizid, Insektizid",NA
024182-00,Promanal Neu Austriebsspritzmittel,31.12.24,"Akarizid, Insektizid",NA
024182-63,Promanal Neu Schild- und Wolllausfrei,31.12.24,"Akarizid, Insektizid",NA
00A126-60,PROMETEUS,31.08.26,Herbizid,NA
00B133-00,Promino Xtra,31.12.25,Fungizid,NA
00A267-60,Promino 300 EC,31.07.24,Fungizid,NA
00A126-61,PROMUNGU,31.08.26,Herbizid,NA
034409-63,Pronic,31.12.24,Herbizid,NA
024443-00,Pronto Plus,31.12.24,Fungizid,NA
00B048-00,PROPAK,30.11.24,Herbizid,NA
007475-00,PROPERTY 180 SC,31.12.27,Fungizid,NA
024508-00,Proplant,31.12.24,Fungizid,NA
027208-00,Propulse,31.01.25,Fungizid,66.7
008952-00,Proradix,31.01.25,Fungizid,NA
025662-00,Prosaro,31.07.24,Fungizid,61.3
008814-00,Prosper TEC,31.12.24,Fungizid,NA
00A113-00,Protapianta Ethen,31.08.26,Wachstumsregler,NA
007825-62,Protect MaXX Schneckenkorn,31.05.24,Molluskizid,NA
005685-00,PROTEG 250 EC,15.12.25,Wachstumsregler,NA
00A271-00,Protendo Forte,31.07.24,Fungizid,NA
00A469-00,Protendo 250 EC,31.07.24,Fungizid,NA
00A398-62,Protiostar,15.08.26,Fungizid,NA
006929-60,PROVIDE 10SG,15.07.26,Wachstumsregler,NA
060122-97,PURGR?N Rasendünger plus Unkrautvernichter,31.12.26,Herbizid,NA
00A947-00,Pygrain New,31.08.24,Insektizid,NA
00B007-00,PYLON,31.07.24,Fungizid,NA
024780-61,Pyreth Natur-Insektizid,31.08.24,Insektizid,NA
006408-62,PYRIFOG,31.08.26,Insektizid,NA
00A595-00,PYROGAL,15.03.26,Fungizid,NA
006922-00,PYRUS,15.03.26,Fungizid,NA
024560-74,Quadris,30.06.24,Fungizid,NA
060122-71,Quadro Rasen Dünger mit Unkrautvernichter,31.12.26,Herbizid,NA
008047-65,QUADRO Rasendünger mit Moosvernichter,31.08.24,Herbizid,NA
025078-00,QUANTUM,31.01.25,Herbizid,NA
00A279-00,Questar,11.10.29,Fungizid,NA
007643-60,Quibilium,31.01.25,"Fungizid, Wachstumsregler",NA
008256-00,Quick 5 EC,30.11.26,Herbizid,NA
005693-00,Quickdown,31.01.25,Herbizid,NA
006278-00,Quickfume Presskörper,31.12.25,Insektizid,NA
00A580-00,QuickPhos Bags,31.08.24,Insektizid,NA
00A580-60,QuickPhos Beutel,31.08.24,Insektizid,NA
00A580-61,QuickPhos Beutelkette,31.08.24,Insektizid,NA
00A580-62,QuickPhos Beutelrolle,31.08.24,Insektizid,NA
006278-60,QuickPhos Pellets,31.12.25,Insektizid,NA
006278-61,QuickPhos Tabletten,31.12.25,Insektizid,NA
00A998-00,Quidam,31.10.24,Herbizid,NA
008392-00,Quirinus,31.10.24,Herbizid,NA
007201-60,RA- X,31.12.27,Herbizid,NA
027821-66,Raiffeisen Gärtnerglück Rasendünger mit Unkrautvernichter,31.12.24,Herbizid,NA
027821-62,Raiffeisen-Gartenkraft Unkrautvernichter mit Rasendünger,31.12.24,Herbizid,NA
008357-61,RAIKIRI,30.11.24,Herbizid,NA
053728-00,RAK 1 Neu,30.08.38,Pheromon,NA
033728-00,RAK 1 Neu,31.08.24,Pheromon,NA
024170-00,RAK 1+2 M,31.08.24,Pheromon,NA
034444-00,RAK 3,31.08.24,Pheromon,NA
00A838-00,Rampart,31.05.26,Fungizid,NA
007003-00,RANGER,15.12.25,Herbizid,NA
005190-60,Rango,30.11.24,Herbizid,NA
006860-00,Ranman Top,30.06.24,Fungizid,82.3
00B217-00,Rapsan 500,31.10.27,Herbizid,NA
043401-60,Rapsan 500 SC,31.07.24,Herbizid,NA
024785-62,Raptol AF RosenSchädlingsfrei,31.08.24,Insektizid,NA
00A122-60,Raptol HP,31.08.26,Insektizid,NA
024785-60,Raptol SchädlingsSpray,31.08.24,Insektizid,NA
027821-61,Rasen Floranid mit Unkrautvernichter,31.12.24,Herbizid,NA
005747-60,Rasenfreund Dicotex,15.05.26,Herbizid,NA
060122-84,Rasenpflege UV-RD,31.12.26,Herbizid,NA
006239-61,Rasen-Unkrautfrei,31.10.24,Herbizid,NA
006240-61,Rasen-Unkrautfrei Konzentrat,31.10.24,Herbizid,NA
00A518-00,Rasput,31.07.24,Fungizid,NA
025388-00,Ratron Gift-Linsen,30.04.25,Rodentizid,NA
025388-62,Ratron Gift-Linsen Forst,30.04.25,Rodentizid,NA
034041-00,Ratron Giftweizen,30.04.25,Rodentizid,NA
025389-00,Ratron Schermaus-Sticks,30.04.25,Rodentizid,NA
024426-65,RaupenEx Schädlingsfrei Careo Eco,30.04.25,Insektizid,NA
006193-63,RA-3000-flüssig,31.12.24,Herbizid,NA
024895-61,RA-50,30.06.24,Herbizid,NA
00B033-00,READY,30.11.24,Herbizid,NA
027692-00,Reboot,15.08.27,Fungizid,NA
007996-00,Redigo M,30.06.24,Fungizid,NA
006099-00,REFINE EXTRA SX,31.07.24,Herbizid,NA
007727-00,Regalis Plus,31.12.24,Wachstumsregler,NA
025090-65,REGORAL,31.12.24,Fungizid,NA
005685-61,Regucil,15.12.25,Wachstumsregler,NA
00A045-00,REGULATOR 720,30.11.24,Wachstumsregler,NA
006929-00,Regulex 10 SG,15.07.26,Wachstumsregler,NA
00A610-00,Relenya,20.03.30,Fungizid,NA
008548-60,Reliance,31.10.24,Herbizid,NA
024487-66,REMOCCO 60,15.03.26,"Fungizid, Wachstumsregler",NA
00A548-00,Restrain,31.08.26,Wachstumsregler,NA
026221-00,REVUS,31.12.24,Fungizid,58.4
008182-00,REVUS GARTEN,31.07.24,Fungizid,58.4
027522-00,REVUS TOP,31.12.26,Fungizid,58.4
00A275-00,Revystar,20.03.30,Fungizid,NA
00A272-00,Revytrex,31.05.26,Fungizid,55.9
008796-00,Rhizopon AA Tablette,15.03.27,Wachstumsregler,NA
008791-00,"Rhizopon AA 0,5% Pulver",15.03.27,Wachstumsregler,NA
008795-00,Rhizopon AA 1% Pulver,15.03.27,Wachstumsregler,NA
008793-00,Rhizopon AA 2% Pulver,15.03.27,Wachstumsregler,NA
00A532-00,RIGHTEH 060 OD,31.12.24,Herbizid,NA
00A416-00,RIM 25 WG,15.08.26,Herbizid,NA
008034-60,RimCa 25 WG,15.08.26,Herbizid,NA
008115-00,RIMSULFURON 25 WG,15.08.26,Herbizid,NA
008034-00,Rimuron 25 WG,15.08.26,Herbizid,NA
00A345-00,RiNiDi WG,31.12.24,Herbizid,NA
008464-00,RIVAL,15.06.26,Fungizid,NA
008541-00,Rival Duo,31.08.24,Fungizid,NA
00B070-60,Rodeo Max,31.12.31,Herbizid,NA
00A139-60,Rodrigo,31.10.24,Herbizid,NA
008838-62,ROMBIPHOS EXTRA,30.09.24,Fungizid,NA
025625-61,ROMBUS,31.07.24,Fungizid,NA
00A144-00,ROMEO,23.04.31,Fungizid,NA
00A933-00,RootDei Biocontrol,31.10.26,Fungizid,NA
006986-60,ROSAN,31.12.24,Herbizid,NA
026923-62,Rosate Supreme 480 TF,15.12.24,Herbizid,NA
072389-60,Rosate 360 TF,15.12.24,Herbizid,NA
024560-62,Rosen Pilz-Frei Boccacio,30.06.24,Fungizid,NA
024560-64,Rosen- und Gemüse-Pilzfrei Rospin,30.06.24,Fungizid,NA
024560-75,Rosen- und Zierpflanzen Pilzfrei Saprol,30.06.24,Fungizid,NA
024560-84,ROSENKOMBI,30.06.24,Fungizid,NA
024560-83,ROSEN-PILZFREI,30.06.24,Fungizid,NA
024560-60,Rosen-Pilzfrei Saprol,30.06.24,Fungizid,NA
004582-00,Rosen-Pilzfrei Saprol,15.03.26,Fungizid,NA
00A752-00,Rosenpilzfrei SAPROL N Konzentrat,15.04.26,Fungizid,NA
024213-77,Rosenspray Schädlingsfrei CAREO ECO,31.08.24,"Akarizid, Insektizid",NA
00B023-00,ROUBAIX,31.12.25,Fungizid,NA
024345-72,Roundup AC,31.08.26,Herbizid,NA
008529-62,Roundup AC Konzentrat,15.12.25,Herbizid,NA
043959-00,Roundup Alphée,15.12.24,Herbizid,NA
034883-00,Roundup Easy,15.12.24,Herbizid,NA
006921-60,Roundup Express,15.12.24,Herbizid,NA
00A042-00,Roundup Future,15.12.24,Herbizid,NA
006149-00,Roundup PowerFlex,15.12.24,Herbizid,21.1
007525-60,Roundup REKORD,31.12.24,Herbizid,32.2
005316-00,Roundup Speed,15.12.24,Herbizid,NA
027700-60,Roundup Spezial,15.12.24,Herbizid,NA
044142-00,Roundup Ultra,15.12.24,Herbizid,NA
027701-60,Roundup Universal,15.12.24,Herbizid,NA
060122-93,Roundup Unkrautvernichter mit Rasendünger,31.12.26,Herbizid,NA
007702-60,Roundup 60,15.12.24,Herbizid,NA
00B114-00,Roxy EC,31.01.28,Herbizid,NA
00A636-00,ROYALTY,31.07.24,Fungizid,NA
008748-00,Rubin Plus,15.03.26,Fungizid,NA
060122-65,Rudi Rollrasen Rasendünger mit Unkrautvernichter,31.12.26,Herbizid,NA
025287-66,RUDIS,15.08.26,Fungizid,NA
006872-00,Runway,31.12.25,Herbizid,NA
008330-00,Runway VA,31.12.25,Herbizid,NA
00A145-62,Sabarun,31.01.25,Fungizid,NA
007454-60,SAKURA,31.12.25,Fungizid,NA
005945-62,SAMSON EXTRA 6 OD,31.12.24,Herbizid,NA
034409-62,Samson 4SC,31.12.24,Herbizid,NA
00A001-00,Sanium SL25,09.12.26,Insektizid,NA
026501-00,Sanvino,30.09.25,Fungizid,NA
027767-00,Saracen,31.12.31,Herbizid,NA
027953-00,SARACEN DELTA,31.12.26,Herbizid,NA
00A015-00,Saracen Max,31.10.24,Herbizid,NA
007466-60,SARUMO,31.12.24,Fungizid,NA
026514-00,Savvy,31.03.27,Herbizid,NA
024225-00,Scala,15.03.26,Fungizid,NA
008485-00,SCATTO,31.10.26,Insektizid,NA
035982-00,Schädlingsfrei Careo,28.02.34,"Akarizid, Insektizid",NA
035633-00,Schädlingsfrei Careo Combi-Granulat,28.02.34,Insektizid,NA
035632-00,Schädlingsfrei Careo Combi-Stäbchen,28.02.34,Insektizid,NA
005686-00,Schädlingsfrei Careo Konzentrat,31.01.25,Insektizid,NA
035982-60,Schädlingsfrei CAREO Rosenspray,28.02.34,"Akarizid, Insektizid",NA
035983-00,Schädlingsfrei Careo Spray,28.02.34,"Akarizid, Insektizid",NA
008616-00,Schädlingsfrei Forte,15.12.25,"Akarizid, Insektizid",NA
00A004-00,Schädlingsfrei Forte Konzentrat,15.12.25,Insektizid,NA
00A003-00,Schädlingsfrei Forte Konzentrat,15.12.25,Insektizid,NA
024213-60,Schädlingsfrei Hortex,31.08.24,"Akarizid, Insektizid",NA
043743-61,Schädlingsfrei Naturen,31.12.27,"Akarizid, Insektizid",NA
024213-00,SCH?DLINGSFREI NATUREN AF,31.08.24,"Akarizid, Insektizid",NA
024436-84,Schädlingsfrei Neem,31.08.25,Insektizid,NA
024436-79,SCH?DLINGSFREI ORGANIC,31.08.25,Insektizid,NA
024436-88,Schädlingsfrei Rose,31.08.25,Insektizid,NA
00A003-60,Schädlingsfrei Rosen Konzentrat,15.12.25,Insektizid,NA
024436-78,Schädlings-Stopp Plus,31.08.25,Insektizid,NA
024172-61,Schildlaus-Pumpspray,31.12.24,"Akarizid, Insektizid",NA
007825-64,Schneckenkorn Blau,31.05.24,Molluskizid,NA
007825-63,Schneckenkorn Limex,31.05.24,Molluskizid,NA
008016-60,Schneckenkorn Limex Bio,31.12.31,Molluskizid,NA
043274-88,Schneckenkorn M6,31.05.24,Molluskizid,NA
034496-61,SCHNECKENKORN ORGANIC,31.12.31,Molluskizid,NA
007402-62,Schnecken-Korn 3%,31.12.27,Molluskizid,NA
025323-73,Schnecken-Linsen,31.05.24,Molluskizid,NA
024353-00,SCORE,31.12.24,Fungizid,NA
007180-60,SCREEN,31.12.25,Fungizid,NA
008200-00,Seedron,31.08.24,Fungizid,NA
024366-00,Select 240 EC,31.12.24,Herbizid,85.2
00A689-00,SemiosNET-Codling Moth,31.08.24,Pheromon,NA
007971-00,Sempra,31.12.26,Herbizid,NA
007191-00,Sencor Liquid,31.07.24,Herbizid,62.8
008535-00,SENIOR,30.04.25,Herbizid,NA
008004-00,Sercadis,31.05.26,Fungizid,NA
007918-00,Serenade ASO,15.08.25,Fungizid,NA
034419-60,Serenva,31.12.26,Fungizid,NA
008934-00,Serifel,16.09.27,Fungizid,NA
024560-81,Serraboss,30.06.24,Fungizid,NA
007222-00,Setanta Flo,31.01.25,Herbizid,NA
026282-63,Sevadas,31.12.25,Fungizid,NA
005268-00,Shark,31.03.25,Herbizid,NA
008303-00,SHARPEN 33 EC,31.05.25,Herbizid,NA
00A031-00,SHERPA DUO,31.01.25,Insektizid,NA
026282-62,Shinkon,31.12.25,Fungizid,NA
034092-00,Shirlan,15.04.27,Fungizid,44.1
028533-61,Shlem,30.01.35,Herbizid,NA
006401-61,Shock DOWN,31.07.24,Insektizid,NA
00A045-60,Shortcut XXL,30.11.24,Wachstumsregler,NA
00A335-00,Shorttrack,31.10.24,Wachstumsregler,NA
00A642-00,SHYFO,15.12.24,Herbizid,NA
00A513-00,SIGNAL 300 ES,31.03.25,Insektizid,NA
00A218-00,Signature Xtra  StressGard,15.03.26,Fungizid,NA
025483-00,Signum,15.09.26,Fungizid,NA
044375-60,Silicid,31.01.37,"Akarizid, Insektizid",NA
044375-00,SilicoSec,31.01.37,"Akarizid, Insektizid",NA
027413-00,Siltra Xpro,31.05.26,Fungizid,NA
00A457-00,Silvron,31.01.25,Fungizid,NA
038581-00,SIMBA 100 SC,31.05.33,Herbizid,NA
025702-00,SIMPLEX,31.12.25,Herbizid,NA
00B011-00,Simpro,31.07.24,Fungizid,NA
008883-60,SINALA,30.04.25,"Akarizid, Fungizid, Insektizid",NA
00A946-00,SINCLAIRE,31.10.24,Fungizid,NA
060122-80,"Sinco Rasen Wunder """"18""""",31.12.26,Herbizid,NA
008550-00,Sinopia,31.12.25,Herbizid,NA
008570-00,SINSTAR,31.12.25,Fungizid,NA
024487-62,Sirena EC,15.03.26,"Fungizid, Wachstumsregler",NA
00A152-60,SIRTAKI,15.06.26,Herbizid,NA
00B069-00,SITARA,31.12.25,Herbizid,NA
008264-00,SIVANTO prime,09.12.26,Insektizid,NA
026998-00,Skyway Xpro,31.08.24,Fungizid,NA
00B190-00,Sluggo PRO,31.12.31,Molluskizid,NA
008482-00,Slug-Off,31.05.24,Molluskizid,NA
026683-00,Sluxx HP,31.12.31,Molluskizid,NA
025638-00,SmartFresh,31.10.24,Wachstumsregler,NA
045638-00,SmartFresh,31.07.35,Wachstumsregler,NA
028368-00,SmartFresh ProTabs,31.07.35,Wachstumsregler,NA
008368-00,SmartFresh ProTabs,31.10.24,Wachstumsregler,NA
00A701-00,SoilGuard 0.5 GR,31.12.25,Insektizid,NA
00A452-62,Solabiol Bio-Schneckenkorn,31.12.31,Molluskizid,NA
050498-66,Solabiol Netzschwefel,31.12.24,Fungizid,NA
007454-00,Soleil,31.12.25,Fungizid,NA
007932-61,Soleto,31.12.25,Herbizid,NA
008370-00,Solofol,31.07.24,Fungizid,NA
008499-00,SOLVIT,31.12.26,Fungizid,NA
005685-60,SONIS,15.12.25,Wachstumsregler,NA
008650-00,Soriale,30.09.24,Fungizid,NA
008323-60,Spandis,31.07.25,Herbizid,NA
00A475-00,Spannit,31.10.26,Herbizid,NA
00A045-62,SPARTA CCC 720,30.11.24,Wachstumsregler,6.8
00A217-00,Spector,31.08.24,Fungizid,NA
024803-00,Spectrum,30.04.25,Herbizid,38.7
006380-00,Spectrum Gold,31.12.24,Herbizid,NA
006889-00,Spectrum Plus,31.12.27,Herbizid,23.2
043099-64,Spezial-Pilzfrei,15.03.26,Fungizid,NA
043099-60,Spezial-Pilzfrei Aliette,15.03.26,Fungizid,NA
025855-61,Spinnmilben-Frei Kanemite SC,31.12.24,Akarizid,NA
005314-00,SpinTor,15.03.26,Insektizid,NA
00A986-00,SPINTOR GR,15.03.26,Insektizid,NA
008673-00,Spirox,31.12.24,Fungizid,NA
00A808-00,Sporax,31.07.24,Fungizid,NA
024785-71,Spruzit AF OrchideenSchädlingsFrei,31.08.24,Insektizid,NA
024785-65,Spruzit AF RosenSchädlingsFrei,31.08.24,Insektizid,NA
024785-00,Spruzit AF Schädlingsfrei,31.08.24,Insektizid,NA
024436-82,Spruzit NEEM GemüseSchädlingsfrei,31.08.25,Insektizid,NA
024436-89,Spruzit Neem ZierpflanzenSchädlingsfrei,31.08.25,Insektizid,NA
024780-60,Spruzit Neu,31.08.24,Insektizid,NA
024785-64,Spruzit OrchideenSchädlingsSpray,31.08.24,Insektizid,NA
024785-70,Spruzit RosenSchädlingsSpray,31.08.24,Insektizid,NA
024780-00,Spruzit Schädlingsfrei,31.08.24,Insektizid,NA
024785-80,Spruzit Schädlingsfrei RosenSpray,31.08.24,Insektizid,NA
024785-66,Spruzit SchädlingsSpray,31.08.24,Insektizid,NA
024436-83,Spruzit TrauermückenFrei,31.08.25,Insektizid,NA
00A558-00,Stabilan 400,28.02.28,Wachstumsregler,NA
034046-62,Stabilan 720,30.11.24,Wachstumsregler,NA
008481-00,Stähler Rebwachs Pro,31.08.26,"Leime, Wachse, Baumharze, Wachstumsregler",NA
007363-00,Stallion SyncTec,31.12.25,Herbizid,NA
00A274-00,Stampa,15.06.26,Fungizid,NA
034066-63,Stapler,31.12.31,Herbizid,NA
035151-00,Starane XL,31.12.25,Herbizid,21.3
008400-63,STEEPLE,31.10.24,Herbizid,NA
00A045-61,STEFES CCC 21,30.11.24,Wachstumsregler,NA
008126-60,STEFES CCC 720,30.11.24,Wachstumsregler,6.8
00A771-60,Stefes Fluroxy 200,31.12.25,Herbizid,NA
00A755-61,Stefes Prothio 250,15.08.26,Fungizid,NA
026682-61,Stefes Schneckenkorn Plus,31.12.31,Molluskizid,NA
006400-60,STEFES TEBU 250EC,31.08.24,Fungizid,NA
006766-60,STEMAT,31.10.24,Herbizid,NA
00A983-00,Stemper,15.12.25,Wachstumsregler,NA
005958-00,Stomp Aqua,30.06.24,Herbizid,22.8
005958-60,Stomp Raps,30.06.24,Herbizid,NA
008698-00,STRETCH,31.12.26,Herbizid,NA
024213-75,Substral Blattlaus Schädlingsfrei,31.08.24,"Akarizid, Insektizid",NA
043743-69,Substral Blattlaus Schädlingsfrei,31.12.27,"Akarizid, Insektizid",NA
024213-76,Substral Orchideen & Zimmerpflanzen Schädlingsfrei,31.08.24,"Akarizid, Insektizid",NA
008047-00,SUBSTRAL Rasendünger mit Moosvernichter,31.08.24,Herbizid,NA
060122-00,Substral Rasendünger mit Unkrautvernichter,31.12.26,Herbizid,NA
024213-66,Substral Schädlingsfrei,31.08.24,"Akarizid, Insektizid",NA
024213-63,SUBSTRAL SCH?DLINGSFREI,31.08.24,"Akarizid, Insektizid",NA
024213-78,Substral Schild- & Wolllaus Schädlingsfrei,31.08.24,"Akarizid, Insektizid",NA
00A905-60,Substral Schneckenkorn Limex Ultra,31.12.31,Molluskizid,NA
024436-91,Substral Universal Schädlingsfrei,31.08.25,Insektizid,NA
024436-92,Substral Zierpflanzen Schädlingsfrei,31.08.25,Insektizid,NA
007590-00,Substral 3 in 1 - Rasendünger mit Unkraut- und Moosvernichter,31.01.25,Herbizid,NA
008468-00,Substral 3in1 Komplett-Rasendünger,31.08.24,Herbizid,NA
007590-60,Substral 3in1 Komplett-Rasendünger Gegen Unkraut & Moos,31.01.25,Herbizid,NA
025496-00,Successor T,31.12.24,Herbizid,NA
025078-61,Successor 600,31.01.25,Herbizid,NA
008100-60,SUDO MOR,15.12.25,Wachstumsregler,NA
006952-00,SULCOGAN,31.08.24,Herbizid,NA
007863-60,SulfoLiq 800 SC,31.12.24,Fungizid,NA
007634-60,Sulphuris 80 WG,31.12.24,Fungizid,NA
007863-61,Sulphuris 800 SC,31.12.24,Fungizid,NA
024068-60,Sumi Alpha 5 EC,31.05.26,Insektizid,NA
024068-00,Sumicidin Alpha EC,31.05.26,Insektizid,NA
005312-00,Sumimax,30.06.24,Herbizid,NA
028452-00,SUMIR,31.12.31,Herbizid,NA
00A756-00,SUNDA,31.12.24,Herbizid,NA
008654-00,SUNFIRE,15.06.26,Herbizid,NA
00A693-00,SUPRAX,31.12.26,Fungizid,NA
00A774-00,Surrender,31.10.24,Fungizid,NA
026336-61,Suvisio 200SC,31.12.25,Insektizid,NA
00B037-00,SWIM,31.07.24,Wachstumsregler,NA
034419-00,SWITCH,31.12.26,Fungizid,NA
00A800-00,Sword 240 EC,30.04.26,Herbizid,NA
005914-00,SYD41110F,31.10.24,Fungizid,NA
008897-00,SYD41400F,16.05.24,Fungizid,NA
025427-00,SYLLIT,31.05.25,Fungizid,NA
025662-60,SYMPARA,31.07.24,Fungizid,NA
008330-60,Synero 30 SL,31.12.25,Herbizid,NA
00A722-00,Systiva,31.05.26,Fungizid,NA
008659-00,S-2200 25SC,09.12.26,Fungizid,NA
008865-60,Tabara,30.04.25,Herbizid,NA
00A839-00,Tachigaren LS,31.05.27,Fungizid,NA
043185-00,Tachigaren 70 WP,31.05.24,Fungizid,NA
00A209-00,Tactic,31.10.24,Herbizid,NA
00A461-00,TAEGRO,01.06.33,Fungizid,NA
044044-00,Taifun forte,15.12.24,Herbizid,NA
00A475-61,Takoba,31.10.26,Herbizid,NA
025678-60,TALENDO,31.07.24,Fungizid,NA
007414-00,Talendo Extra,31.12.24,Fungizid,NA
008274-00,TALISMA EC,31.10.24,Insektizid,NA
025678-00,TALIUS,31.07.24,Fungizid,NA
00A536-60,Talius Pro,15.08.26,Fungizid,NA
008181-00,Tanaris,31.10.24,Herbizid,NA
00A940-00,Tandus,31.12.25,Herbizid,NA
00A590-60,Tandus EC,31.12.25,Herbizid,NA
00A554-61,Tandus 200,31.12.25,Herbizid,NA
007213-00,TARAK,31.07.24,Insektizid,NA
007667-00,Targa Max,30.11.24,Herbizid,NA
034060-00,Targa Super,30.11.24,Herbizid,NA
00A637-00,Target SC,31.08.26,Herbizid,NA
00A267-00,TARTAROS,31.07.24,Fungizid,NA
034457-00,TASK,15.08.26,Herbizid,NA
008967-60,Tazer,31.12.25,Fungizid,NA
00A352-00,TEBU 25,31.08.24,Fungizid,NA
007519-63,Tebucur 250 EW,31.08.24,"Fungizid, Wachstumsregler",NA
00A657-00,Teko 250,31.07.24,Fungizid,NA
00B035-00,Teldor,31.12.31,Fungizid,NA
008028-00,Templier,31.12.26,Herbizid,NA
008124-00,TEMSA SC,31.12.24,Herbizid,NA
006149-60,Tender GB Forte,15.12.24,Herbizid,NA
053981-00,Tender GB Ultra,15.12.24,Herbizid,NA
00B091-00,TENSIRA,31.12.25,Herbizid,NA
025691-00,Teppeki,31.08.24,Insektizid,237.8
008866-60,Tercero Duo,30.06.24,Herbizid,NA
006897-00,Terminus,15.04.27,Fungizid,NA
007957-00,TERMINUS EXTRA,28.02.25,Fungizid,NA
008648-00,TERPLEX,15.12.25,Wachstumsregler,NA
060122-57,TerraDomi Rasendünger mit Unkrautvernichter,31.12.26,Herbizid,NA
060122-98,Terrauno Unkrautvernichter+Rasendünger,31.12.26,Herbizid,NA
043833-00,Tervanol F,31.12.24,Fungizid,NA
008405-60,TESANTO,02.03.27,Fungizid,NA
007519-60,TESON,31.08.24,"Fungizid, Wachstumsregler",NA
008835-00,Tessior,31.07.24,Fungizid,NA
008862-00,Texio,15.08.25,Fungizid,NA
025625-60,THESORUS,31.07.24,Fungizid,NA
00A249-00,Thiopron,15.04.26,Fungizid,NA
050498-00,THIOVIT JET,31.12.24,Fungizid,NA
006855-00,Tilmor,31.07.24,Fungizid,41.5
034273-00,TITUS,31.12.24,Herbizid,NA
00A497-60,TOKYO,31.07.24,Fungizid,NA
025913-00,Toledo,31.07.24,Fungizid,NA
024091-00,Toluron 700 SC,31.10.24,Herbizid,NA
00B087-00,TOMEC,31.01.25,Fungizid,NA
007819-00,Tomigan XL,31.12.25,Herbizid,NA
007138-00,Tomigan 200,31.12.25,Herbizid,NA
006275-63,toom Rasendünger plus Moosvernichter,31.08.24,Herbizid,NA
027821-64,toom Rasendünger plus Unkrautvernichter,31.12.24,Herbizid,NA
033590-00,Topas,31.12.26,Fungizid,NA
006302-00,Toprex,31.12.26,"Fungizid, Wachstumsregler",NA
008235-00,Torero,31.12.25,Fungizid,NA
008984-00,TORSO,31.07.24,Herbizid,NA
028873-00,TOSCANA,30.01.35,Herbizid,NA
00B158-00,Toscana Top 75 WG,30.01.35,Herbizid,NA
00A590-00,TOSKA EC,31.12.25,Herbizid,NA
025079-00,TOUCHDOWN QUATTRO,31.12.26,Herbizid,NA
00A398-00,TRACIAFIN,15.08.26,Fungizid,NA
008747-00,TRAILER,31.10.24,Herbizid,NA
00A162-00,Tramat 500,31.10.32,Herbizid,NA
024436-86,TrauermückenEX,31.08.25,Insektizid,NA
024436-85,Trauermückenfrei Neem,31.08.25,Insektizid,NA
024436-90,TRAUERM?CKENFREI ORGANIC,31.08.25,Insektizid,NA
026557-00,Traxos,31.12.26,Herbizid,49.6
004634-00,Trebon 30 EC,31.12.26,Insektizid,77.8
008627-00,Trepach,30.11.24,Herbizid,NA
00A069-00,TRESO,31.10.24,Fungizid,NA
008573-00,TRIBE 75 WG,31.10.24,Herbizid,NA
006427-00,Tribun,31.12.24,Herbizid,NA
006427-62,Tribun 75 WG,31.12.24,Herbizid,NA
00A104-00,Triclo,31.10.24,Herbizid,NA
007136-00,Trico,31.08.24,"Repellent, Wildschadenverhütungsmittel",NA
007943-60,TRIDUS,15.12.25,Wachstumsregler,NA
00A524-00,TRIERE,15.04.27,Fungizid,NA
005890-60,TRIMMER SX,31.07.24,Herbizid,NA
008071-00,Trimmer WG,31.07.24,Herbizid,NA
008100-00,Trinexa 250,15.12.25,Wachstumsregler,NA
00B222-00,TRINEXT,15.12.25,Wachstumsregler,NA
006797-00,Trinity,31.10.24,Herbizid,NA
00A258-00,Tri-Soil,31.10.26,Fungizid,NA
024847-61,TRIVKO,31.12.24,Herbizid,NA
006387-63,Troid,31.12.24,Insektizid,NA
044622-61,Troller,31.12.31,Herbizid,NA
00B192-00,TRUST,15.10.27,Fungizid,NA
006404-60,TRUSTEE HI-AKTIV,15.12.24,Herbizid,NA
008401-00,Turbine 50G,31.12.31,Herbizid,NA
024645-71,Turboclean Unkrautfrei,15.12.25,Herbizid,NA
006796-60,Turboclean Unkrautfrei AF,15.12.25,Herbizid,NA
005747-70,Turbogrün Rasenunkrautvernichter,15.05.26,Herbizid,NA
007638-00,Turex,30.04.24,Insektizid,NA
024487-64,Turret 60,15.03.26,"Fungizid, Wachstumsregler",NA
060122-69,Tuta-RU,31.12.26,Herbizid,NA
00A981-00,TWINKLE,15.09.26,Fungizid,NA
034066-00,U 46 D Fluid,31.12.31,Herbizid,NA
060939-00,U 46 M-Fluid,31.10.24,Herbizid,NA
005314-60,Ultima Käfer- und Raupenfrei,15.03.26,Insektizid,NA
00A497-00,ULTRALINE,31.07.24,Fungizid,NA
024436-80,UNIVERSAL SCH?DLINGSFREI,31.08.25,Insektizid,NA
024560-80,Universal-Pilzfrei,30.06.24,Fungizid,NA
024080-61,Universal-Raupenfrei Lizetan,15.08.25,Insektizid,NA
00A606-00,UNIVERSE,30.09.24,Herbizid,NA
00A278-00,Univoq,15.08.26,Fungizid,45.3
024374-00,UNIX,15.03.26,Fungizid,NA
00A106-00,Unkrautfrei Express,15.12.25,Herbizid,NA
00A107-00,Unkrautfrei Express Konzentrat,15.12.25,Herbizid,NA
024645-67,UNKRAUT-FREI ORGANIC,15.12.25,Herbizid,NA
006796-61,Unkrautfrei Plus AF,15.12.25,Herbizid,NA
00A106-61,Unkrautfrei Total,15.12.25,Herbizid,NA
00A107-61,Unkrautfrei Total Konzentrat,15.12.25,Herbizid,NA
024645-69,Unkrautfrei Turboclean,15.12.25,Herbizid,NA
060122-56,UNKRAUTLOS,31.12.26,Herbizid,NA
024645-72,Unkrautvernichter,15.12.25,Herbizid,NA
060122-61,Unkrautvernichter mit Rasendünger,31.12.26,Herbizid,NA
060122-86,Unkrautvernichter plus Rasendünger,31.12.26,Herbizid,NA
00A846-00,UNMO,31.08.24,Herbizid,NA
024091-61,UP CTU 700 SC,31.10.24,Herbizid,NA
026402-00,UPL-07056-H-1-SC,31.10.32,Herbizid,NA
00A891-00,UPSIDE,20.05.35,Fungizid,NA
008532-61,UPSTAGE,15.06.26,Herbizid,NA
008810-00,UPTON,31.12.31,Herbizid,NA
008838-63,URANSER,30.09.24,Fungizid,NA
007339-00,Valdor Expert,31.12.27,Herbizid,NA
007201-00,Valdor Flex,31.12.27,Herbizid,NA
034837-62,VALDOR SOLO,31.07.33,Herbizid,NA
00A191-00,Valentia,31.12.25,Herbizid,NA
034028-65,Valor,31.08.24,"Fungizid, Wachstumsregler",NA
007566-00,Variano Xpro,31.05.26,Fungizid,NA
007969-60,Vastimo,15.03.26,"Fungizid, Wachstumsregler",NA
008797-60,V-Dim 240 EC,31.05.27,Herbizid,NA
00A614-00,Vegas Plus,31.03.27,Fungizid,NA
00A929-00,Velifer,20.02.30,Insektizid,NA
00A959-60,VELMERI 500 WG,31.08.24,Insektizid,NA
008246-00,Vendetta,28.02.25,Fungizid,NA
007725-00,VENZAR 500SC,31.12.24,Herbizid,NA
00A536-00,Verben,15.08.26,Fungizid,NA
008518-00,VERIMARK,14.09.27,Insektizid,NA
027207-00,Veriphos,30.09.24,Fungizid,NA
008857-00,VERSILUS,31.07.24,Fungizid,NA
007823-00,Versus extra,31.08.24,"Repellent, Wildschadenverhütungsmittel",NA
024560-79,VERTAZA,30.06.24,Fungizid,NA
008797-00,VextaDim 240 EC,31.05.27,Herbizid,NA
008652-00,VextaMitron 700 SC,31.08.26,Herbizid,NA
008652-61,Vex-Tron,31.08.26,Herbizid,NA
00A140-00,Vibrance Trio,31.08.24,Fungizid,NA
008230-00,Vibrance 500 FS,31.01.25,Fungizid,NA
006723-00,Victus,31.12.24,Herbizid,NA
006875-00,Victus OD,31.12.26,Herbizid,NA
008072-00,Videryo F,31.07.24,Fungizid,NA
024256-60,VINIFOL SC,31.07.24,Fungizid,NA
024459-61,VINIFOL WDG,31.07.24,Fungizid,NA
006947-00,VinoStar,31.07.24,Fungizid,NA
008562-00,Vintec,06.07.32,Fungizid,NA
008104-60,Vinteger,30.09.24,Fungizid,NA
027510-00,Viper Compact,31.12.26,Herbizid,NA
008748-60,Vista,15.03.26,Fungizid,NA
008484-60,VITAGO,15.12.25,Wachstumsregler,NA
027593-00,VitiSan,31.10.37,Fungizid,NA
008664-60,Vitoval,31.07.24,Wachstumsregler,NA
00B018-00,VITROL GB,03.08.36,Molluskizid,NA
00B019-00,VITROL GB PRO,03.08.36,Molluskizid,NA
025628-00,Vivando,15.12.25,Fungizid,NA
006988-00,Vivendi 100,31.12.24,Herbizid,NA
026336-60,Voliam,31.12.25,Insektizid,NA
024895-60,Vorox F,30.06.24,Herbizid,NA
025079-63,Vorox Unkrautfrei Direkt,31.12.26,Herbizid,NA
007507-62,VOROX Unkrautfrei Express,31.08.24,Herbizid,NA
007508-61,VOROX Unkrautfrei Express AF,31.08.24,Herbizid,NA
00A679-60,VOROX Unkrautfrei Ultra,15.12.25,Herbizid,NA
008742-00,VOTiVO,30.09.24,Nematizid,NA
008997-00,VOYAGER,28.02.25,Fungizid,NA
00B135-00,V-SATE 500 SC,31.10.32,Herbizid,NA
008652-60,V-Tron 700 SC,31.08.26,Herbizid,NA
00A139-00,Vulcanus,31.10.24,Herbizid,NA
00A023-00,V10,29.03.33,Virizid,NA
00A826-00,V5,29.03.33,Virizid,NA
00A549-00,WARAN,31.12.25,Herbizid,NA
00A145-00,Wasan,31.01.25,Fungizid,NA
00B142-00,Weddell,15.04.27,Fungizid,NA
006240-00,Weed-B-Gone Konzentrat,31.10.24,Herbizid,NA
006239-00,Weed-B-Gone RTU,31.10.24,Herbizid,NA
008838-66,WIKVERT,30.09.24,Fungizid,NA
044267-61,WildStopp,31.03.37,"Repellent, Wildschadenverhütungsmittel",NA
034092-62,Winby,15.04.27,Fungizid,NA
00A214-00,Winner,31.07.24,"Akarizid, Insektizid",NA
00A174-00,WISH TOP,30.11.24,Herbizid,NA
043444-00,Wöbra,31.08.24,"Repellent, Wildschadenverhütungsmittel",NA
008047-70,WOLF-Garten Moosvernichter + Rasendünger,31.08.24,Herbizid,NA
060122-63,WOLF-Garten Unkrautvernichter + Rasendünger,31.12.26,Herbizid,NA
050425-61,Wühlmaus-Gas Arrex,31.12.26,"Repellent, Wildschadenverhütungsmittel",NA
050425-71,W?HLMAUSGAS-CC,31.12.26,"Repellent, Wildschadenverhütungsmittel",NA
033366-62,Wühlmaus-Köder,31.12.24,Rodentizid,NA
033366-60,Wühlmausköder Arrex,31.12.24,Rodentizid,NA
033366-63,W?HLMAUS-K?DER RATZIA,31.12.24,Rodentizid,NA
033366-00,Wühlmausköder WUELFEL,31.12.24,Rodentizid,NA
007797-64,XAMA 250 EC,15.12.25,Wachstumsregler,NA
008338-00,Xedathane-HN,15.03.26,Fungizid,NA
00A996-00,Xenial,15.12.25,Fungizid,NA
024426-00,XenTari,30.04.25,Insektizid,NA
024426-63,Xentari BuchsbaumzünslerFrei,30.04.25,Insektizid,NA
024426-62,Xentari RaupenFrei,30.04.25,Insektizid,NA
00A220-00,Xerton,31.10.32,Herbizid,NA
025631-61,Xerxes,31.03.26,Insektizid,NA
008838-61,XILIVERT,30.09.24,Fungizid,NA
00A662-00,Xilon,31.10.26,Fungizid,NA
007402-60,Xiren,31.12.27,Molluskizid,NA
008998-60,YAWL,31.12.24,Wachstumsregler,NA
00A995-00,Yukon,31.12.24,Fungizid,NA
024560-78,Zaftra AZT 250 SC,30.06.24,Fungizid,NA
024560-76,ZAKEO 250 SC,30.06.24,Fungizid,NA
008662-61,Zenby,15.09.27,Fungizid,NA
007777-62,ZENTRIS 360 CS,15.06.26,Herbizid,NA
00A559-00,Zeppos,31.03.33,Herbizid,NA
033775-60,Zerko,31.10.24,Fungizid,NA
034107-60,ZETROLA,30.11.24,Herbizid,NA
00A584-60,ZEUS,31.12.25,Fungizid,NA
00A197-60,Zingis,30.04.25,Herbizid,NA
00A305-00,Zorvec Endavia,13.06.24,Fungizid,NA
008946-00,Zorvec Enicade,03.03.28,Fungizid,NA
00A762-00,Zorvec Entecta,30.09.25,Fungizid,NA
00A296-00,Zorvec Vinabel,03.03.28,Fungizid,NA
008945-00,Zorvec Zelavin,03.03.28,Fungizid,NA
00A124-00,ZOXIS SUPER,31.12.25,Fungizid,NA
024080-63,Zünsler- & Raupenfrei,15.08.25,Insektizid,NA
024426-61,Zünsler & Raupenfrei Xentari,30.04.25,Insektizid,NA
008295-00,Zypar,05.08.26,Herbizid,34.4
007991-00,302443,31.05.24,Molluskizid,NA
008692-00,"1,4SIGHT",30.06.25,Wachstumsregler,NA
024645-63,3 Stunden Bio-Unkrautfrei,15.12.25,Herbizid,NA
008468-60,3in1 Komplett-Rasendünger Gegen Unkraut & Moos,31.08.24,Herbizid,NA
